상품번호,계정,판매자코드,상품명,광고비,광고전환ROAS%,실매출,실ROAS%,클릭
4245234908,rejoice987,W9745EC,한일250 국산 셔터형 그릴 환풍기 설치30x30c,2035,0.0,1500784,73748.6,2
4402815682,dlwodb888,WC793D3,파인애플 여름 이불 SS 시어서커 시원한 침구 기숙,2167,71988.9,1356700,62607.3,4
4599821306,dlwodb111,W0385AA,도어클로져(미닫이문 슬라이딩)검정 택옵션 7세대,649,224191.1,1089830,167924.5,2
4369806848,dlwodbs222,WA322B4,다용도 주방화 방수화 작업화 미끄럼방지 식당 신발,2200,725.0,1082032,49183.3,4
4466634135,dlwoddbs55,LCE_SX_L9695379_03,(27인치(620x370)) BozaBoza Cli,1045,109610.5,1027190,98295.7,2
3692089393,rejoice567,WCCA31B,북카트 북선반 트롤리 책꽂이 책장 간이 책상정리선반,0,0,894463,0,0
4165207922,rejoice999,WCCA31B,북카트 북선반 트롤리,2805,0.0,894463,31888.2,5
4245233554,rejoice987,WCCA31B,국산 북카트 북선반 트롤리,0,0,894463,0,0
3000405536,rejoice222,W9E57B7,벨르 페레로 로쉐 꽃다발 핑크 초콜릿 사탕 선물 부,770,0.0,863323,112119.9,1
3421261352,rejoice987,W9E57B7,벨르 페레로 로쉐 꽃다발 핑크 초콜릿 사탕 선물 부,0,0,863323,0,0
4376387412,dlwodb888,W9E57B7,벨르 페레로로쉐 꽃다발 핑크 초콜릿 사탕 선물 부케,385,0.0,863323,224239.7,1
4626134339,rejoice222,W9E57B7,벨르 페레로로쉐 꽃다발 핑크 초콜릿 사탕 선물 부케,660,0.0,863323,130806.5,1
4174119441,rejoice321,LCE_MX_L4164765_00,마타도르 991A 종이 사포 페파 50장 2500방,99,0.0,798232,806294.9,1
3877423611,dlwodbs666,WB42CD3,화장품 냉장고 캠핑 휴대용 차량용 레트로 미니 4L,1386,0.0,696471,50250.4,3
4164966358,rejoice999,WB42CD3,화장품 냉장고 캠핑 휴대용 차량용 레트로 미니 4L,2365,13367.4,696471,29449.1,4
4365528740,rejoice567,WB42CD3,화장품 냉장고 캠핑 휴대용 차량용 레트로 미니 4L,330,0.0,696471,211051.8,1
4376366146,dlwodb888,WB42CD3,화장품 냉장고 캠핑 휴대용 차량용 레트로 미니 4L,1034,0.0,696471,67357.0,2
4613175686,rejoice666,WB42CD3,화장품 냉장고 캠핑 휴대용 차량용 레트로 미니 4L,649,0.0,696471,107314.5,1
4620543852,rejoice222,WB42CD3,화장품 냉장고 캠핑 휴대용 차량용 레트로 미니 4L,660,0.0,696471,105525.9,1
4174081489,rejoice321,LCE_SX_L2467086_00,멜로 머쉬멜로우 라운드 트위스트 135g(1박 12,0,0,665274,0,0
4661645759,rejoice321,LCE_SX_L2467086_00,멜로 머쉬멜로우 라운드 트위스트 135g(1박 12,0,0,665274,0,0
4626132484,rejoice222,WB7EAA8,로케트 차량용 배터리 GB100R 차량용배터리 자동,1683,0.0,651656,38719.9,5
4386155620,dlwodb000,LCE_SX_L1379489,실내 수영장에서 입기 좋은 남자 아동 수영복 (A-,1232,59091.7,627366,50922.6,3
4369081639,rejoice666,W9E4F25,(금호화학) 30L 플라스틱 다용도 보관함 공간박스,1760,39477.3,604976,34373.6,3
4369098566,dlwodb111,WFFQYHY,비즈 보석 큐빅스티커(36개) 스티커 큐빅 꾸미기 ,1045,0.0,601177,57528.9,2
4384922465,dlwodb888,WFFQYHY,비즈 보석 큐빅스티커(36개),539,0.0,601177,111535.6,1
4494689043,dlwodbs222,WFFQYHY,비즈 보석 큐빅스티커(36개),0,0,601177,0,0
3591273822,rejoice987,W4703ED,블록 쌓기 파이프 조립 완구 장난감 어린이집 교구 ,539,125519.5,591595,109757.9,1
4712999661,rejoice999,WFGJHC3,실리콘 사각 접시 디저트 플레이트 간식 다과 그릇,1595,41097.2,573283,35942.5,4
4422745134,tmxkql222,LCE_MX_L5265435_00,물비누디스펜서911/펌핑/다용도/소분/생활/용기/공,0,0,567480,0,0
3692518651,rejoice567,WA67903,봉비누 화장실 봉비누10개 공중화장실비누세트 AJB,550,29036.4,562487,102270.4,1
4060100284,dlwodb777,WA67903,봉비누 화장실 봉비누10개 공중화장실비누세트 AJB,330,0.0,562487,170450.6,1
4165161409,rejoice999,WA67903,봉비누 화장실 봉비누10개 공중화장실비누세트 AJB,2200,5468.2,562487,25567.6,2
4346033763,dlwodb999,LCE_SX_L0122168_03,((KF94키젠화이트5)x10) 키젠 새부리형 마스,1155,54163.6,556357,48169.4,2
4286022259,tmxkql222,LCE_MX_L3139570_00,첫 과학 시리즈) 점보 확대경 (LER2884)/과,2376,26294.6,540400,22744.1,2
4122081014,dlwodbs222,WBF14D2,폴리글러브 병원 일회용 위생 비닐장갑 200매x10,2420,0.0,535145,22113.4,4
4376355540,dlwodb888,WBF14D2,폴리글러브 병원 일회용 위생 비닐장갑 200매x10,1089,0.0,535145,49141.0,2
4620551525,dlwodb888,WBF14D2,폴리글러브 병원 일회용 위생 비닐장갑 200매x10,1254,21248.8,535145,42675.0,2
3692203227,rejoice567,WB75130,티크린 화장실 세제 변기세정제 대용량화장실청소세제 ,0,0,524481,0,0
4195504387,dlwodb888,WB75130,티크린 화장실 세제 변기세정제 대용량화장실청소세제 ,0,0,524481,0,0
4245234867,rejoice987,WB75130,티크린 화장실 세제 변기세정제 대용량화장실청소세제,792,0.0,524481,66222.3,1
4365520020,rejoice666,WB75130,티크린 화장실 세제 변기세정제 대용량화장실청소세제 ,0,0,524481,0,0
4144858461,rejoice678,W968C93,유한락스 욕실청소용 600ml+600ml 10개입 ,0,0,516050,0,0
4165070096,rejoice999,W968C93,유한락스 욕실청소용 600ml+600ml 10개입 ,660,0.0,516050,78189.4,1
4245234856,rejoice987,W968C93,유한락스 욕실청소용 600ml+600ml 10개입 ,0,0,516050,0,0
4357150201,dlwodb888,W968C93,유한락스 욕실청소용 600ml+600ml 10개입 ,495,0.0,516050,104252.5,1
4055743980,dlwodb111,W9C2A48,아두이노 터 키트 우노 R3 스마트 RC카 키트 세,319,0.0,511867,160459.9,1
4060122528,dlwodbs222,W9C2A48,아두이노 터 키트 우노 R3 스마트 RC카 키트 세,0,0,511867,0,0
4365516986,rejoice999,WD40DE3,전체식 벨트 공사장 안전띠 추락방지 안전벨트 안전 ,297,0.0,460965,155207.1,3
4376340056,dlwodb888,WD40DE3,코오롱 전체식 벨트 공사장 안전띠 추락방지 안전벨트,1078,48831.2,460965,42761.1,2
4365528103,dlwodbs222,WFF84CC,클래식 브릭 850피스 11038 코스트코,1320,0.0,452124,34251.8,4
4384911215,dlwodb888,WFF84CC,레고 클래식 브릭 850피스 11038,2761,0.0,452124,16375.4,6
4384913435,dlwodb888,WFF84CC,레고 클래식 브릭 850피스 11038,495,104266.7,452124,91338.2,1
4460790308,rejoice444,WFF84CC,레고 클래식 브릭 850피스 11038 장난감 클레,814,0.0,452124,55543.5,3
4612398026,rejoice666,WFF84CC,레고 클래식 브릭 850피스 11038,385,0.0,452124,117434.8,1
4620541695,rejoice222,WFF84CC,레고 클래식 브릭 850피스 11038,1991,0.0,452124,22708.4,5
2773082607,rejoice666,W5CB5F3,대변기 세척 밸브 양변기 물내림 부속품 스위치 커버,2508,5267.1,450278,17953.7,7
4060605790,rejoice678,W5CB5F3,대변기 세척밸브 양변기 물내림 밸브 부속품 스위치,0,0,450278,0,0
4164310643,rejoice999,W5CB5F3,대변기 세척밸브 양변기 물내림 밸브 부속품 스위치,0,0,450278,0,0
4365545421,rejoice666,W5CB5F3,대변기 세척밸브 양변기 물내림 밸브 부속품 스위치 ,638,0.0,450278,70576.5,1
4369124534,dlwodbs222,W5CB5F3,대변기 세척밸브 양변기 물내림 밸브 부속품 스위치 ,1078,0.0,450278,41769.8,2
4626137292,rejoice222,W5CB5F3,대변기 세척밸브 양변기 물내림 밸브 부속품 스위치 ,385,0.0,450278,116955.3,1
4185297139,dlrmsgh012,LCE_MX_L6302191_00,러브맘 거품비누핸드워시 레몬향 4L/버블/핸드/워시,1474,23907.7,436694,29626.5,1
4495984530,dlwodb777,LCE_SX_L6355120_00,홈앤미 사선컷팅 테이프클리너 대형 리필 2입/막대/,957,0.0,434780,45431.6,2
4315548902,rejoice911,LCE_MX_L5697523_00,무지 세로형 쇼핑백 10p세트(20x28cm) (화,1551,0.0,434152,27991.7,2
4422704707,dlwodb000,LCE_SX_L1771403_00,건조기 양모 건조볼 6P 정전기 드라이어볼/제거/세,550,90863.6,427775,77777.3,1
3512943621,rejoice678,WCE46C2,생리대 좋은느낌 생리대(중형) 18EAX2P,0,0,426100,0,0
4376343042,dlwodb888,WCE46C2,좋은느낌 유기농 생리대(중형) 18EAX2P,1309,35561.5,426100,32551.6,3
4496377528,dlwodb777,LCE_SX_L9028417_00,HDMI 익스텐더 4K 해상도 60M 거리연장기 (,869,53505.2,425812,49000.2,2
4164957495,rejoice999,W6CB210,의약외품 메디와이퍼 손소독티슈 80매 24개,2365,0.0,415203,17556.2,3
4328261015,rejoice567,W6CB210,외품 메디와이퍼 티슈 80매 24개 물티슈 손세정티,0,0,415203,0,0
4357146916,dlwodb888,W6CB210,(의약외품)메디와이퍼 손소독티슈 80매 24개,0,0,415203,0,0
4376362469,rejoice444,W6CB210,(의약외품)메디와이퍼 손소독티슈 80매 24개,1067,0.0,415203,38913.1,2
4357146727,dlwodb888,W6A63B1,쌍줄 8자마라톤줄넘기 4.2m 2개 1조 줄넘기대회,0,0,414455,0,0
4376363417,rejoice444,W6A63B1,쌍줄 8자마라톤줄넘기 4.2m 2개 1조 줄넘기대회,0,0,414455,0,0
4212420122,rejoice321,LCE_MX_L6475266,(VC) 접착식 충격완화 에어캡봉투 30X40cm ,0,0,414116,0,0
4059681664,rejoice444,WD9CC99,엘지 자동분사기 리필세트 꽃향 난초향 1+1,495,0.0,412140,83260.6,1
4253220134,rejoice222,WDA42B9,유아동 색채물감 에그톡 피카소 12칼라,770,44800.0,408229,53016.8,1
4376337611,dlwodb888,WDA42B9,유아동 색채물감 에그톡 피카소 12칼라,660,0.0,408229,61852.9,1
2786181320,rejoice666,W8D32C3,테팔 270 비보 스텐 레스 무선 전기 주전자 포트,0,0,406025,0,0
4365505503,dlwodb777,W8D32C3,테팔270 비보 스텐레스 무선 전기주전자 포트 전기,495,0.0,406025,82025.3,1
4376349700,rejoice444,W8D32C3,테팔270 비보 스텐레스 무선 전기주전자 포트,0,0,406025,0,0
4626504769,rejoice222,W8D32C3,테팔270 비보 스텐레스 무선 전기주전자 포트,374,0.0,406025,108562.8,1
4622636272,rejoice999,인스탁스 미니필름 2팩,인스탁스 미니 필름 40매(20매 2팩) /후지 필,1430,0.0,399412,27930.9,3
4401162536,rejoice321,LCE_MX_L7561258_00,기네시올로지 5.0cm x 5m 스포츠 테이프 테이,0,0,399057,0,0
4365513207,rejoice567,W526B77,105 싱크대 원홀 스프레이 수도세트 주방 씽크대 ,0,0,394755,0,0
4376384082,dlwodb888,WA14DCD,펜텔 에너겔 메탈포인트펜 리필 LR7 0.7mm 흑,583,0.0,390493,66979.9,1
3804227817,rejoice666,WC554E7,더블에이 복사지 A4 90g 500매x5권 2500,110,0.0,388119,352835.5,1
4361544378,tmxkql111,LCE_SX_L5789557_00,빵가루새우튀김(소울 50g x10미 500g) X1,539,79658.6,372562,69121.0,2
4612434626,rejoice999,W982A51,구리판 적동판 동판 0.1T 200 300 M판매 ,858,0.0,369750,43094.4,2
4361161101,rejoice321,LCE_SX_L3798028_00,팝콘 믹스 70g-12개 간편간식 맥주안주 팝콘추천,286,147251.7,364591,127479.4,2
3692358501,rejoice567,W56F4A5,석재용 에폭시 EP930 주제4KG+경화제4KG -,0,0,360624,0,0
4144514325,dlwodbs666,W56F4A5,오공 석재용 에폭시 EP930(주제4KG+경화제4K,550,0.0,360624,65568.0,1
4164284101,rejoice999,W56F4A5,오공 석재용 에폭시 EP930 주제4KG+경화제4K,2541,0.0,360624,14192.2,3
4365571432,dlwodbs666,W56F4A5,석재용 에폭시 EP930(주제4KG+경화제4KG)-,99,0.0,360624,364266.7,1
4376367557,rejoice444,W56F4A5,오공 석재용 에폭시 EP930(주제4KG+경화제4K,1628,2913.4,360624,22151.4,3
4463468033,rejoice987,W56F4A5,오공 석재용 에폭시 EP930(주제4KG+경화제4K,0,0,360624,0,0
4620552301,dlwodb888,W56F4A5,오공 석재용 에폭시 EP930(주제4KG+경화제4K,2068,2191.0,360624,17438.3,4
3804699801,rejoice987,WAD274C,테크 액체세제 드럼용 용기형 3리터 -O 테크액체세,440,0.0,354867,80651.6,1
4165002143,rejoice999,WAD274C,테크 액체세제 드럼용 용기형 3리터 -O,1188,0.0,354867,29871.0,3
4369726502,tmxkqlwus,WAD274C,테크 액체세제 드럼용 용기형 3리터 -O,660,0.0,354867,53767.7,1
4376373226,dlwodb888,WAD274C,테크 액체세제 드럼용 용기형 3리터 -O,1287,0.0,354867,27573.2,2
4253226705,rejoice567,W1A2A37,선도유지제 식품 산소흡수제 자체반응형 10개X10팩,440,0.0,351646,79919.5,1
4328266325,rejoice678,W1A2A37,선도유지제 식품 산소흡수제 자체반응형 10개X10팩,385,0.0,351646,91336.6,1
4620557098,rejoice222,W1A2A37,선도유지제 식품 산소흡수제 자체반응형 10개X10팩,770,0.0,351646,45668.3,2
4146315438,rejoice234,LCE_SX_L4729507_00,도무스 전기 인덕션 전기레인지 핫플레이트 1구 16,1034,36781.4,346889,33548.3,2
3801982859,dlwodb111,WD58654,VT- 뉴케어 식DM 200ml 30캔 1박스 생활,374,108112.3,338974,90634.8,1
4438040222,rejoice234,LCE_SX_L8814085_17,(일반형 플라스틱 | 3단 특대) 플라스틱써빙카트 ,0,0,335808,0,0
3692046148,rejoice567,WE287A6,무소음 벽시계 사무실 교실 인테리어용품 블랙 40c,0,0,335247,0,0
4165175718,rejoice999,WE287A6,무소음 벽시계 사무실 교실 인테리어용품 블랙 40c,0,0,335247,0,0
4306171847,rejoice666,W265D0E,흔들말 블루 아기 유아 장난감 말 말타기 시소,616,61837.7,334500,54301.9,1
4202191843,rejoice321,LCE_SX_L0956314_00,곤충블럭 24개/레고/블럭/단체/선물/어린이/아기/,2101,0.0,331016,15755.2,4
3804205947,rejoice666,WBC800D,사다리 안전 보강대 전도방지대 지지대 아웃트리커 사,682,0.0,327788,48062.8,2
4165152265,rejoice999,WBC800D,사다리 안전 보강대 전도방지대 지지대 아웃트리커,2574,15035.0,327788,12734.6,3
4365571856,dlwodbs222,WBC800D,사다리 안전 보강대 전도방지대 지지대 아웃트리커 트,0,0,327788,0,0
4195497824,dlwodb888,WB76108,피죤 섬유유연제 핑크로즈 20L 말통 피죤 세제 섬,550,26345.5,323462,58811.3,1
4365540470,rejoice222,WB76108,피죤 섬유유연제 핑크로즈 20L 말통 세제 빨래,1474,0.0,323462,21944.5,2
4626132517,rejoice222,WB76108,피죤 섬유유연제 핑크로즈 20L 말통 피죤세제 빨래,440,9440.9,323462,73514.1,1
4059358462,rejoice999,W4E18FF,19V 1.7A LG LED 모니터 호환 어댑터 컴,1617,21285.7,319103,19734.3,4
4165151276,rejoice999,W9A36DF,산도깨비 유리세척제 600ml 12개 유리세정제,0,0,317732,0,0
4620560591,rejoice222,W9A36DF,산도깨비 다용도 유리 세정제 창문 자동차 600ml,319,9608.2,317732,99602.5,1
4599823836,rejoice567,W9F7264,표백비누 230g x 32개 (1BOX) 무궁화 빨,0,0,317384,0,0
4144905697,rejoice987,WB38484,멀티 락스퐁 18.75L 사우나 욕실 화장실 바닥청,0,0,315119,0,0
4175986655,rejoice321,LCE_MX_L5978912,A4 자석 클립보드 서류판 결재판 사무용 가죽 파일,1188,30159.9,310221,26112.9,2
4218555264,tmxkql111,LCE_SX_L6939229_00,백상지A1(Papidro 610x45m))/cad용,0,0,302621,0,0
4384929536,dlwodb888,WE592CE,부적카드세트(2개),0,0,300472,0,0
4380082560,dlwodb888,WDE81D2,레고 염소 보트 레고블럭 어린이 장난감 선물,495,68747.5,299360,60476.8,1
4620551147,rejoice222,WEB3DC2,현관 신발정리대 신발장 슈즈홀더 슈즈렉 4단 6단,550,2370.9,291119,52930.7,1
4626496679,rejoice222,WC08F83,배드민턴화 여성 남성 초경량 운동화 배구화 스쿼시화,759,0.0,289490,38141.0,2
4384911271,dlwodb888,W7AE7F8,드롱기 커피그라인더 KG-89,1815,0.0,288754,15909.3,4
4384913530,dlwodb888,W7AE7F8,드롱기 커피그라인더 KG-89,880,0.0,288754,32813.0,2
4460790886,rejoice444,W7AE7F8,드롱기 커피그라인더 KG-89,979,0.0,288754,29494.8,2
4599813646,rejoice987,W7AE7F8,드롱기 커피그라인더 KG-89,264,0.0,288754,109376.5,2
4296258233,dlwodb000,LCE_SX_L5564438_00,GBC 코팅기 라미네이터 INSPIRE PLUS A,550,59272.7,286520,52094.5,1
4146276166,rejoice234,LCE_SX_L2085472_00,LG 뉴 퐁퐁 주방세제 2kgX6개 용기 BOX/욕,638,50087.8,285860,44805.6,1
4668618406,rejoice666,3930839,위즈웰 그라인더 앤 드립커피 메이커 원두 자동그라인,286,0.0,285850,99947.6,1
4193202955,rejoice794,LCE_SX_L2934664_00,에듀쉐이프 소프트 빅블럭 26P (806026)이미,638,51503.1,285493,44748.1,1
4365551248,rejoice987,WC7E1B0,유한락스(레귤러 식품용 15K) 세제 주방세제 락스,0,0,279633,0,0
3868597497,dlwodbs666,WA0EE4E,알루미늄 은박 쿠킹 호일 33CM X 30HO 10,440,0.0,278987,63406.1,1
4365545257,rejoice666,WA0EE4E,신광 알루미늄 은박 쿠킹 호일 33CM X 30HO,0,0,278987,0,0
4146321637,rejoice234,LCE_SX_L6554700_00,안전장비 미니사이즈 신호봉 다기능 신호봉 안전봉/견,1287,25058.3,277279,21544.6,2
3377119975,rejoice222,WA4D4B1,필립스 9352 풀스텐 메탈 바디 무선 전기 주전자,1144,0.0,277264,24236.4,3
3877454816,dlwodbs666,WA4D4B1,필립스9352 풀스텐 메탈바디 무선 전기주전자 1.,2772,5430.4,277264,10002.3,5
4164979347,rejoice999,WA4D4B1,필립스9352 풀스텐 메탈바디 무선 전기주전자 1.,1628,0.0,277264,17031.0,3
4357152279,dlwodb888,WA4D4B1,필립스9352 풀스텐 메탈바디 무선 전기주전자 1.,913,0.0,277264,30368.5,2
4365564028,dlwodbs666,WA4D4B1,9352 풀스텐 메탈바디 무선 전기주전자 1.7L ,319,0.0,277264,86916.6,1
4369806470,dlwodbs222,WA4D4B1,필립스9352 풀스텐 메탈바디 무선 전기주전자 1.,440,0.0,277264,63014.5,1
4369938540,rejoice567,WA4D4B1,필립스9352 풀스텐 메탈바디 무선 전기주전자 1.,440,0.0,277264,63014.5,1
4376382285,dlwodb888,WA4D4B1,필립스9352 풀스텐 메탈바디 무선 전기주전자 전기,451,0.0,277264,61477.6,1
4612434777,rejoice999,WE9F2EA,북트롤리 북카트 이동식 5단 책꽂이,0,0,274423,0,0
4059351341,rejoice999,W19C23D,KING 도어체크NSK 630 문속도조절 문닫힘조절,1408,22152.0,274350,19485.1,2
4245233156,rejoice987,W19C23D,KING 도어체크NSK 630 문속도조절 문닫힘조절,0,0,274350,0,0
4142476513,rejoice567,WC7244E,JSP-20M 스피콘+스피콘 스피커 케이블 20M,473,0.0,271240,57344.6,1
3868205875,rejoice666,WB93CD8,화장실세정제 화청 1리터 12개입 소변기탈취제,0,0,264071,0,0
4059877210,tmxkqlwus,WB93CD8,화장실세정제 화청 1리터 12개입 소변기탈취제,2607,4043.7,264071,10129.3,3
4164966433,rejoice999,WB93CD8,화장실세정제 화청 1리터 12개입 소변기탈취제,0,0,264071,0,0
4245234281,rejoice987,WB93CD8,화장실세정제 화청 1리터 12개입 소변기탈취제,880,21688.6,264071,30008.1,1
3471264392,rejoice567,W9352D7,발골칼 뼈칼 정육칼 육류칼 가공 칼 중간날 15cm,0,0,256512,0,0
4376751727,dlwoddbs55,LCE_MX_L3184206,(WIZ0008) 위즈독서대 미니멈독서대 30M1 ,1474,20059.7,255244,17316.4,1
4612445064,rejoice987,WB165BF,웰우드 마리 벽걸이 전신거울 400 x 1500,319,0.0,248492,77897.2,1
4612397877,rejoice666,WCB46BC,남성 긴팔 와플 피케 카라 티셔츠 기능성 골프상의,99,0.0,248376,250884.8,1
4376351107,rejoice444,W8B9037,러블리 진주 공주 리본 어린이 미니 토트백 핸드백,704,0.0,247106,35100.3,2
4445314975,dlwodb000,WFJARVJ,미카포트 MF94854 엔지니어링 전동 기차 세트/,968,0.0,244780,25287.2,2
4334372324,rejoice794,LCE_SX_L1591036_00,닥터그린 뿌리는 손세정제 500ml 에탄올70 20,0,0,243921,0,0
4438180802,dlwodbs444,LCE_SX_L1591036_00,닥터그린 뿌리는 손세정제 500ml 에탄올70 20,0,0,243921,0,0
3841618002,rejoice567,WC6D836,와이파이 디지털액자 핸드폰영상 무선전송 터치스크린 ,880,29777.3,241856,27483.6,2
4376360832,dlwodb888,WB9E43C,자동혈압계 연성 커프 중형 메디텍 커프 타사 호환,1276,0.0,240764,18868.7,7
3695665121,rejoice678,W864DE4,락스 2리터 6통 유연락스 손잡이 막락스 업소 청소,2101,3584.0,239960,11421.2,2
4365518760,rejoice666,W864DE4,락스 2리터 6통 유연락스 손잡이 막락스 업소 청소,0,0,239960,0,0
4376353827,rejoice444,W864DE4,락스 2리터 6통 유연락스 손잡이 막락스 업소 청소,0,0,239960,0,0
4613175600,rejoice666,W864DE4,락스 2리터 6통 유연락스 손잡이 막락스 업소 청소,561,8909.1,239960,42773.6,1
4620543505,rejoice222,W864DE4,락스 2리터 6통 유연락스 손잡이 막락스 업소 청소,561,0.0,239960,42773.6,1
4612444506,rejoice987,WF2CBB5,마미손 명진 라텍스 니트릴 장갑 100매 소 중 대,1100,10400.0,236840,21530.9,2
4620560155,rejoice222,WF2CBB5,마미손 명진 라텍스 니트릴 장갑 100매 소 중 대,605,24760.3,236840,39147.1,1
4171742752,rejoice234,LCE_SX_L4666459_00,한얼 청소카트 이동식 커버형 쓰레기 수거용 업소용/,638,0.0,234746,36794.0,1
4060037833,tmxkqlwus,WC5A108,키친아트23HL 코코 전기오븐 23L 대용량 그릴오,869,0.0,233550,26875.7,2
4365541651,rejoice666,WC5A108,23HL 전기오븐 23L 대용량 그릴오븐기 오븐 전,1771,0.0,233550,13187.5,4
4612445614,rejoice987,WC5A108,키친아트23HL 코코 전기오븐 23L 대용량 그릴오,946,0.0,233550,24688.2,3
4620544337,dlwodb888,WC5A108,키친아트23HL 코코 전기오븐 23L 대용량 그릴오,1980,6624.7,233550,11795.5,4
4171655107,rejoice234,LCE_MX_L6633506_00,크리넥스 냅킨 스탠다드 250매/미용/티슈/곽티슈/,2266,11199.0,232611,10265.3,3
4376287760,dlwoddbs55,LCE_SX_L1374255_06,(A타입-15.6인치 | 블랙) 라이트 노트북 가방,2695,0.0,231653,8595.7,5
4144921891,rejoice987,WB2F172,피죤 무균무때 안티박 500ml 12개(1box),1265,20452.2,228390,18054.5,2
3055509345,rejoice222,W4BEBDB,유리 드립 서버 800ml 커피 핸드 전자레인지용 ,0,0,221741,0,0
3841588452,rejoice567,W4BEBDB,유리 드립서버 800ml 커피서버 핸드드립 전자용 ,374,0.0,221741,59289.0,1
4105187940,rejoice444,W4BEBDB,유리 드립서버 800ml 커피서버 핸드드립 전자레인,561,0.0,221741,39526.0,1
4164281117,rejoice999,W4BEBDB,유리 드립서버 800ml 커피서버 핸드드립 전자레인,1221,0.0,221741,18160.6,2
4256904850,dlwodbs666,W4BEBDB,유리 드립서버 800ml 커피서버 핸드드립 전자레인,1111,3565.3,221741,19958.7,2
4357145435,dlwodb888,W4BEBDB,유리 드립서버 800ml 커피서버 핸드드립 전자레인,1716,4764.6,221741,12922.0,3
4626137641,rejoice222,W4BEBDB,유리 드립서버 800ml 커피서버 핸드드립 전자레인,473,14194.5,221741,46879.7,2
4059839491,tmxkqlwus,W007E8E,국내산 제조 초극세사 마포걸레리필 10개 색상랜덤,407,61621.6,221296,54372.5,1
3869056363,dlwodbs666,W24194C,3D폼브릭 10M 단열재 결로방지 벽돌 보온 폼블럭,638,0.0,219604,34420.7,1
4193685199,rejoice794,LCE_SX_L5016715_00,벡스-전기접점부활제 BW100 450g (1EA)/,1320,19090.9,219420,16622.7,2
4060027156,tmxkqlwus,W593AB8,태양광 조명등 야외 태양열 축전지 정원 조명 정원등,0,0,218920,0,0
4369157504,rejoice987,WAB82D3,캐릭터 토끼 인형 실바니안 고양이가족 작은 귀여운 ,0,0,218083,0,0
4369727117,tmxkqlwus,WAB82D3,캐릭터 토끼 인형 실바니안 고양이가족,1331,0.0,218083,16384.9,3
4369763114,dlwodb111,WAB82D3,캐릭터 토끼 인형 실바니안 고양이가족,539,0.0,218083,40460.7,1
4376376015,dlwodb888,WAB82D3,캐릭터 토끼 인형 실바니안 고양이가족,1144,14111.9,218083,19063.2,2
4620556985,rejoice222,WE63DAC,크린랩 물걸레 청소포 대형 30매,1980,12424.2,217520,10985.9,3
4422664259,rejoice794,LCE_SX_L0824785_00,유리화분 화병 수반 N1608 (어항) 16x8cm,825,0.0,215295,26096.4,3
4165061069,rejoice999,WB6E311,일신 IS-7410 카브레타 크리너 일반용 20,1045,0.0,213299,20411.4,2
4357154349,dlwodb888,WB6E311,일신 IS-7410 카브레타 크리너 일반용 20EA,506,0.0,213299,42154.0,1
4365534071,rejoice987,WB6E311,일신 IS-7410 카브레타 일반용 20EA 캬브레,0,0,213299,0,0
4376364480,dlwodb888,WB6E311,일신 IS-7410 카브레타 크리너 일반용 20EA,429,18552.4,213299,49720.0,1
4620560430,rejoice222,WB6E311,일신 IS-7410 카브레타 크리너 일반용 20EA,990,8405.1,213299,21545.4,2
3066444655,rejoice999,WADA8A7,Jat5 쌍열 키보드 스탠드 건반 신디 거치대 악기,1122,0.0,213246,19005.9,2
3108094086,rejoice444,WADA8A7,Jat5 쌍열 키보드 스탠드 건반 신디 거치대 건텐,550,14258.2,213246,38772.0,1
4060366376,rejoice666,WADA8A7,Jat5 쌍열키보드스탠드 건반 쌍열스탠드 신디거치대,770,0.0,213246,27694.3,2
4060593388,rejoice678,WADA8A7,Jat5 쌍열키보드스탠드 건반 쌍열스탠드 신디거치대,0,0,213246,0,0
4357153426,dlwodb888,WADA8A7,Jat5 쌍열키보드스탠드 건반 쌍열스탠드 신디거치대,110,0.0,213246,193860.0,1
4376371847,dlwodb888,WADA8A7,Jat5 쌍열키보드스탠드 건반 쌍열스탠드 신디거치대,1100,0.0,213246,19386.0,2
4626133253,rejoice222,WADA8A7,Jat5 쌍열키보드스탠드 건반 쌍열스탠드 신디거치대,1760,0.0,213246,12116.2,3
3869094163,dlwodbs666,WBCA08A,휘트 식염포도당 캡슐형 500정 탈수방지 보충제 식,638,0.0,212418,33294.4,1
4365532309,rejoice567,WBCA08A,휘트 식염포도당 캡슐형(500정) 탈수방지 보충제 ,858,0.0,212418,24757.3,1
4626131859,rejoice222,WBCA08A,휘트니스 식염포도당 캡슐형(500정) 탈수방지 보충,660,0.0,212418,32184.5,1
4477408029,dlwodb000,WEFEB3E,리케 폴리 빙수기 가정용 수동 팥빙수기계,495,0.0,210850,42596.0,1
4369152170,rejoice666,WFFSSRM,RZ1523 조노돔 연결봉 75개 도형 창의력 교구,2310,10550.6,207836,8997.2,6
4284471132,tmxkql222,LCE_SX_L0189511_04,(포레스티아 12T 특대) 놀이방매트 거실바닥놀이 ,0,0,207394,0,0
3695603484,rejoice678,W029BAD,보드메이트 칠판 필기구 정리함 분필 화이트 보드 마,902,0.0,206816,22928.6,1
4164300792,rejoice999,W029BAD,보드메이트 칠판 필기구 정리함,385,60820.8,206816,53718.4,1
4164328738,rejoice999,W3D3C75,full-size 코팅밧드 제과용오븐팬,0,0,206548,0,0
4328253698,rejoice567,W3D3C75,full-size 코팅밧드 제과 용오븐팬 풀 빵팬 ,0,0,206548,0,0
4366298040,dlrmsgh012,LCE_SX_L5581093_00,소형 미니 세면대 사각RB005 무광원홀수전+부속4,1122,21040.1,205920,18352.9,2
4376359819,dlwodb888,WBA8A49,3중구조바닥 블랙 스텐 IH냄비 4종 세트,924,0.0,203006,21970.3,3
4175268499,rejoice321,LCE_MX_L1163710,손끝 코팅 탑피트 장갑 흰색 백색 50켤레 묶음/천,2244,0.0,202476,9023.0,2
4361197085,rejoice234,LCE_SX_L0696681_00,남양 루카스나인 오리지널 라떼 50Tx4개/라떼50,803,0.0,201333,25072.6,2
4671133366,rejoice666,3934428,하리보 젤리 골드베렌 1kg 93개입 대용량 미니 ,319,0.0,200941,62990.9,1
4496468050,dlwodb000,LCE_SX_L2466773_00,슈가로로 곤약젤리 복숭아 150g(1타 10개입) ,638,24949.8,199932,31337.3,3
4165016205,rejoice999,WA5A5DF,크리넥스 젠틀 로션솝 물비누 500ml 9개 565,660,0.0,199854,30280.9,1
4328269849,rejoice222,WA5A5DF,크리넥스 젠틀 로션솝 물비누 500ml 9개 565,0,0,199854,0,0
4055679868,dlwodb111,W98C56A,펀치 펀칭 니들 프랑스 자수 세트 집콕 취미 DIY,1573,0.0,199756,12699.0,3
4059180978,rejoice999,W98C56A,펀치 펀칭 니들 프랑스 자수 세트 집콕 취미 DIY,1265,0.0,199756,15791.0,2
4059596318,rejoice987,W98C56A,펀치 펀칭 니들 프랑스 자수 세트 집콕 취미 DIY,0,0,199756,0,0
4306776584,dlwodbs222,W98C56A,펀치 펀칭 니들 프랑스 자수 세트 집콕 취미 DIY,407,0.0,199756,49080.1,1
4338893032,rejoice678,W98C56A,펀치 펀칭 니들 프랑스 자수 세트 집콕 취미 DIY,451,0.0,199756,44291.8,1
3070389540,rejoice999,W071710,신형 가스콕 2018년형 자동 차단기 타이머 ,0,0,199209,0,0
3421359886,rejoice987,W071710,신형 가스콕 2018년형 자동 차단기 타이머 ,385,0.0,199209,51742.6,1
3692428168,rejoice567,W071710,신형콕 2018년형 자동차단기 가 이머 차단기 콕 ,0,0,199209,0,0
3695535911,rejoice678,W071710,신형콕 2018년형 자동차단기 가 이머 차단기 콕 ,1958,0.0,199209,10174.1,3
3802034754,dlwodb111,W071710,신형콕 2018년형 자동차단기 가 이머 차단기 콕 ,495,0.0,199209,40244.2,1
4361880921,rejoice666,W071710,신형가스콕 2018년형 자동가스차단기 가스타이머,1903,8355.2,199209,10468.2,4
4626493679,rejoice222,W071710,신형가스콕 2018년형 자동가스차단기 가스타이머,385,0.0,199209,51742.6,1
4206468381,rejoice666,WD1E7A5,트라이탄 밀폐용기 김 냉장고 반찬통 직사각 6L 김,660,0.0,198646,30097.9,1
3690152628,rejoice666,WAD274B,수퍼타이 가루세제 분말세세 5kg 지함박스 -O 테,0,0,198455,0,0
3692455231,rejoice567,WAD274B,수퍼타이 가루세제 분말세세 5kg 지함박스 -O 테,0,0,198455,0,0
4059790941,rejoice444,WAD274B,수퍼타이 가루세제 분말세세 5kg 지함박스 -O,770,0.0,198455,25773.4,1
4357153303,dlwodb888,WAD274B,수퍼타이 가루세제 분말세세 5kg 지함박스 -O,770,0.0,198455,25773.4,1
3866758094,dlwodbs666,W3343C5,공간박스 2단 엔틱 조립형 공간박스 2단 엔틱 조립,330,0.0,196340,59497.0,1
4376377381,rejoice444,W3343C5,공간박스 2단 엔틱 조립형,1529,0.0,196340,12841.1,3
3866602396,dlwodbs666,WA2F870,3M인조가죽스티커 소파리폼 수선보수 120x50 소,385,0.0,195689,50828.3,1
4165237530,rejoice999,WA2F870,3M인조가죽스티커 소파리폼 수선보수 120x50,1232,0.0,195689,15883.8,2
4365565880,dlwodb111,WA2F870,3M인조가죽스티커 소파리폼 수선보수 120x50 소,2288,960.7,195689,8552.8,5
4369939149,rejoice567,WA2F870,3M인조가죽스티커 소파리폼 수선보수 120x50,0,0,195689,0,0
4402771581,rejoice999,WA2F870,3M인조가죽스티커 소파리폼 수선보수 120x50,385,28545.5,195689,50828.3,1
4626134069,rejoice222,WA2F870,3M인조가죽스티커 소파리폼 수선보수 120x50 인,605,0.0,195689,32345.3,1
4384919295,dlwodb888,WFGCXTG,스카트 유리거울 세정티슈 30매 x 8개,385,0.0,195415,50757.1,1
4460792016,rejoice444,WFGCXTG,스카트 유리거울 세정티슈 30매 x 8개,1496,14451.9,195415,13062.5,4
4060482911,dlwodbs222,W479E75,3M 펜라이트 PL-330,2706,7990.8,195049,7208.0,5
4298279705,rejoice999,W479E75,3M 펜라이트 PL-330,539,0.0,195049,36187.2,1
4365582769,rejoice987,W479E75,3M 펜라이트 PL-330 진료 용조명 등 LED ,330,0.0,195049,59105.8,1
4376372075,rejoice444,W479E75,3M 펜라이트 PL-330,495,0.0,195049,39403.8,1
4365541122,dlwodb111,WAE87DF,km-8300 힌지 69224 강화 도어 열쇠용품 ,660,0.0,193093,29256.5,1
4626133066,rejoice222,WAE87DF,km-8300 힌지 69224 강화도어힌지 열쇠용품,99,0.0,193093,195043.4,1
3513716465,rejoice678,W7CB40C,코렐 접시 원형 반찬 도자기 그릇 대 26cm 도자,341,0.0,192227,56371.6,1
4165021693,rejoice999,W7CB40C,코렐 접시 원형 반찬 도자기 접시 그릇 접시 대 2,0,0,192227,0,0
4195519806,dlwodb888,W7CB40C,코렐 접시 원형 반찬 도자기 접시 그릇 접시 대 2,0,0,192227,0,0
4376356985,rejoice444,W7CB40C,코렐 접시 원형 반찬 도자기 접시 그릇 접시 대 2,858,25629.4,192227,22404.1,2
4626136243,rejoice222,W7CB40C,코렐 접시 원형 반찬 도자기 그릇 대 26cm 반찬,1155,0.0,192227,16643.0,2
2786169471,rejoice666,W8D036B,마끼다 충전컷소 미니 소형 전기톱 JR 103 DZ,220,94277.3,192143,87337.7,1
4496328264,dlwodb777,LCE_MX_L6743418_00,에이스 승화전사 색연필/종이/칼라/연필/파란/고급/,1210,18148.8,191792,15850.6,2
4369155442,rejoice987,W4B1272,크리에듀 맥지니어스 스퀘어 16PCS 자석 퍼즐 사,0,0,191546,0,0
4376352782,rejoice444,W88A2EB,HS 목재 이동서랍 사무 업무 3단 서랍장 이동형,1089,0.0,191440,17579.4,2
4328273692,rejoice678,W8CA042,빈티지 레이스 테이블보 크기별로 3장세트 식탁보 레,539,0.0,190092,35267.5,1
4182576474,dlrmsgh012,LCE_SX_L0193256_00,라미에이스라미네이터(JAM FREE JFL3302 ,594,36170.0,189828,31957.6,2
4554280769,rejoice234,LCE_MX_L7807051_02,(45086 두루마리24롤)45086 크리넥스 물에,99,52787.9,187408,189301.0,1
4369123106,dlwodb111,WC30812,마이룸 경사형 펜홀터 문구 수납함 데스크 오거나이저,539,0.0,185870,34484.2,1
4165167431,rejoice999,W9E7BCA,베이직 큰블록 사각블록 대용량 약270pcs 놀이교,0,0,181844,0,0
4164286135,rejoice999,W065795,에너자이저 맥스 알카라인 사각건전지 9V 10알 6,0,0,181186,0,0
4361257732,rejoice321,LCE_SX_L0709382_00,(금호화학) 리빙박스 60L 플라스틱 다용도 보관함,660,31442.4,181100,27439.4,1
4175243502,rejoice321,LCE_SX_L4817939,COZY COOING 코지 쿠잉 킥보드/어린이킥보드,660,31345.5,180724,27382.4,1
4386147286,dlwodb000,LCE_SX_L4817939,COZY COOING 코지 쿠잉 킥보드/아동/키즈/,495,0.0,180724,36509.9,1
3512908954,rejoice678,W9E843A,농축된 순도99 알로에_베라겔 함유 피부 수딩겔 3,1342,0.0,180321,13436.7,4
4376376973,rejoice444,W33E50F,덕신 빨대컵(300ml)x(10개)병원물컵 빨대물병,616,0.0,180208,29254.5,1
4620542092,dlwodb888,W33E50F,덕신 빨대컵(300ml)x(10개)병원물컵 빨대물병,1309,18114.6,180208,13766.8,2
4620549814,rejoice222,WBBC692,2단 알루미늄 노트북 거치대 접이식 휴대용 받침대,605,26786.8,179053,29595.5,1
3000465842,rejoice222,W9E9E52,테프론 베이킹 시트 브라운 38cm x 58 10 ,0,0,178649,0,0
4165000617,rejoice999,W9E9E52,테프론 베이킹시트 브라운 38cm x 58cm 10,1100,0.0,178649,16240.8,1
3070403776,rejoice999,W6DF392,포크 수저 10 세트 커트러리 숟가락 티포크 디저트,1496,0.0,178331,11920.5,2
4376362329,rejoice444,W6DF392,포크 수저 10세트 커트러리 숟가락 티포크 디저트,1496,0.0,178331,11920.5,2
4365515041,dlwodbs666,W7F2050,페르비타 프리미엄 IH 통5중 냄비 2종 스텐냄비 ,748,0.0,177555,23737.3,2
4376356033,rejoice444,W7F2050,페르비타 프리미엄 IH 통5중 냄비 2종,748,0.0,177555,23737.3,2
4376343765,dlwodb888,WCC8929,프리미엄 고급 원목 체스 게임 자석 체스판,583,0.0,176006,30189.7,1
4365514897,rejoice666,WC7BEE4,팬틴 샴푸 극손상 1200ml 린스,1430,0.0,174520,12204.2,3
4376340639,dlwodb888,WD26D24,해적선블럭(12개),990,0.0,174246,17600.6,2
4477410610,dlwodb000,WD26D24,해적선블럭(12개),990,3977.8,174246,17600.6,2
4626131172,rejoice222,WD26D24,해적선블럭(12개) 블럭 조립완구 합체블럭 해적선,1320,0.0,174246,13200.5,2
4193265999,rejoice794,LCE_SX_L1043168_00,h28 아이존)쥬쥬아이돌헤드셋마이크/노래마이크/유아,99,201070.7,174202,175961.6,1
4165122276,rejoice999,WC6D208,신일 저소음 자동계폐식 환풍기 25KA 욕실 빌딩,319,0.0,173089,54259.9,1
4376348480,dlwodb888,WC6D208,신일 국산 저소음 자동계폐식 환풍기 25KA 욕실 ,1122,0.0,173089,15426.8,2
4164291118,rejoice999,W6DD799,시세이도 센카휩 클렌져,1903,0.0,173017,9091.8,5
4365537862,dlwodb777,W6DD799,시세이도 센카휩 클렌져 코스트코 폼클렌져,2211,0.0,173017,7825.3,8
4376362111,rejoice444,W6DD799,시세이도 센카휩 클렌져,1254,0.0,173017,13797.2,3
4193685534,rejoice794,LCE_MX_L2595428_00,신한 유화물감 징크화이트 100ml (725)/매트,1881,0.0,172987,9196.5,2
4059680370,rejoice444,WB7197E,여행용 3단접이식 니치칫솔치약세트 10개 랜덤발송,550,0.0,172556,31373.8,1
4144841134,rejoice678,WB7197E,여행용 3단접이식 니치칫솔치약세트(10개) 랜덤발송,0,0,172556,0,0
4626137874,rejoice222,W3C5C2B,로즈포토 2인 식기세트 11p 홈세트 그릇세트 접시,2365,0.0,172153,7279.2,5
4361193768,dlrmsgh012,LCE_MX_L6746667_00,토레타 500ml (24페트)/캔음료/음료/이온/음,1441,0.0,171783,11921.1,1
4245234206,rejoice987,WB2F139,무궁화 오클린 다목적 세제 750ml 6개(1box,1100,17141.8,170916,15537.8,2
4361243008,rejoice794,LCE_SX_L3043613,블랙야크 방한 귀마개 귀덮개 귀도리 겨울귀마개/겨울,1485,1105.1,170626,11490.0,3
3000280988,rejoice222,W85E08B,우르 오스 미끌 거림 없이 개운 페이스 바디 워시 ,385,0.0,170288,44230.6,1
3755729537,dlwodb777,W85E08B,우르오스 미끌거림없이 개운 페이스바디워시 500ml,2079,0.0,170288,8190.9,5
4058562434,rejoice567,W85E08B,우르오스 미끌거림없이 개운 페이스바디워시 500ml,2365,0.0,170288,7200.3,4
4245233036,rejoice987,W85E08B,우르오스 미끌거림없이 개운 페이스바디워시 500ml,1650,0.0,170288,10320.5,3
4256903556,dlwodbs666,W85E08B,우르오스 미끌거림없이 개운 페이스바디워시 500ml,2200,0.0,170288,7740.4,4
4361880970,rejoice666,W85E08B,우르오스 미끌거림없이 개운 페이스바디워시 500ml,2211,0.0,170288,7701.9,4
4376354107,rejoice444,W85E08B,우르오스 미끌거림없이 개운 페이스바디워시 500ml,660,0.0,170288,25801.2,1
4402786056,rejoice567,W85E08B,우르오스 미끌거림없이 개운 페이스바디워시 500ml,1155,0.0,170288,14743.5,2
4621710528,dlwodb888,W85E08B,우르오스 바디워시 500ml 2입 미끌거림없이 개운,561,0.0,170288,30354.4,1
4626135786,rejoice222,W85E08B,우르오스 미끌거림없이 개운 페이스바디워시 500ml,2849,4139.7,170288,5977.1,6
4284746858,tmxkql222,LCE_SX_L5153128_00,존슨 핑크로션 500ml 3개/유아로션/피부로션/순,0,0,170174,0,0
4387300310,dlwoddbs55,LCE_SX_L5153128_00,존슨 핑크로션 500ml 3개/유아/로션즈/베이비/,990,19478.8,170174,17189.3,2
3692869009,rejoice567,W33680C,D2 런닝머신오일 550ml 런닝머신수리 워킹머신오,0,0,169984,0,0
3695855429,rejoice678,W33680C,D2 런닝머신오일 550ml 런닝머신수리 워킹머신오,2101,3731.6,169984,8090.6,2
3804592603,rejoice987,W33680C,D2 런닝머신오일 550ml 런닝머신수리 워킹머신오,220,0.0,169984,77265.5,1
4059532829,tmxkqlwus,W33680C,D2 런닝머신오일 550ml 런닝머신수리 워킹머신오,0,0,169984,0,0
4164329860,rejoice999,W33680C,D2 런닝머신오일 550ml 런닝머신수리 워킹머신오,1100,0.0,169984,15453.1,1
4376377104,rejoice444,W33680C,D2 런닝머신오일 550ml 런닝머신수리 워킹머신오,0,0,169984,0,0
4401811693,dlwoddbs55,LCE_SX_L5540120_01,(속기저귀뉴라운드형 | 1박스(30매x8팩))샘방지,176,105306.8,169292,96188.6,1
4328316282,rejoice678,W987E61,내구성 좋은 본차이나 베니카 홍차잔 2인세트 커피잔,2805,0.0,168959,6023.5,6
4376395572,dlwodb888,W987E61,내구성 좋은 본차이나 베니카 홍차잔 2인세트,385,0.0,168959,43885.5,1
4626134657,rejoice222,W987E61,내구성 좋은 본차이나 베니카 홍차잔 2인세트 커피잔,605,0.0,168959,27927.1,1
4626502715,rejoice222,W987E61,내구성 좋은 본차이나 베니카 홍차잔 2인세트,1375,0.0,168959,12287.9,4
3512944088,rejoice678,W96DA45,그린숲물티슈(100매)30개 캡형 국산 저자극 피톤,2904,6232.8,167808,5778.5,5
3692709041,rejoice567,W96DA45,그린숲물티슈 100매 -30개 캡형 저자극 피톤치드,1309,0.0,167808,12819.6,3
3802074878,dlwodb111,W53F5E1,스노우골드 500mg 뿌리는 식용금가루 식용금 가루,2068,2013.5,167438,8096.6,7
4260001245,dlwodbs444,LCE_SX_L0768002_00,박상병 국산 핫팩 150g 손난로형 10개/핫팩/손,0,0,167260,0,0
2711615652,rejoice666,W8FF528,캐논 셀피 CP 1200 잉크+ 인화지 108매 1,0,0,167000,0,0
4165026534,rejoice999,W8FF528,캐논 정품 셀피 CP1200 잉크+인화지 108매 ,0,0,167000,0,0
4376347132,rejoice444,W8FF528,캐논 정품 셀피 CP1200 잉크+인화지 108매 ,0,0,167000,0,0
4477400177,dlwodb000,WE21E4B,룰루모어 상하복 2종세트 스마일 (LU78),1815,0.0,166823,9191.3,7
4525947859,rejoice678,WDEDC18,하리오 도자기 커피드리퍼 핸드드립세트 XVDD 30,0,0,166656,0,0
4612398969,rejoice666,WDEDC18,하리오 도자기 커피드리퍼 핸드드립세트 XVDD 30,2761,4143.4,166656,6036.1,5
4620545031,rejoice222,WDEDC18,하리오 도자기 커피드리퍼 핸드드립세트 XVDD 30,638,0.0,166656,26121.6,1
3513668816,rejoice678,W951EDE,악어 고무장갑 L(대)x10켤레,440,34663.6,166330,37802.3,1
4060103154,tmxkqlwus,W951EDE,악어 주름 고무장갑 L 대 x10켤레,990,4563.6,166330,16801.0,2
4547376805,dlrmsgh012,LCE_SX_L3060849_00,오스람 형광램프 36w x 25개/엘이디/주방/화장,2453,7708.1,165509,6747.2,8
4365577296,rejoice987,WC9C763,올인원 다용도 사무실 신발 가방 정리 보관함 장 케,539,0.0,164377,30496.7,1
4402791512,rejoice987,WC9C763,올인원 다용도 사무실 신발 가방 정리 보관함,0,0,164377,0,0
4713983534,dlwodbs333,WBD7327,스포츠 액티브 딥쿠션 두꺼운 무릎보호대 패드 쿠션,0,0,163670,0,0
4395127149,dlwodbs333,LCE_SX_L7562856_00,(캐스B)보드게임 꿀벌트리(1402)/어린이/자료/,649,13886.0,163662,25217.6,1
3695343584,rejoice678,W195089,하모니트리 그래픽스티커 시트지 벽지 포인트스티커 데,1276,14037.6,162634,12745.6,2
4142557921,rejoice567,W6D2620,MAXTILL SB-200 USB 전원 사운드바 스,0,0,162275,0,0
4365521034,rejoice987,W6D2620,MAXTILL SB-200 USB 전원 사운드바 스,0,0,162275,0,0
4369084582,rejoice666,W6D2620,MAXTILL SB-200 USB 전원 사운드바 스,1199,14579.6,162275,13534.2,2
4376362578,rejoice444,W6D2620,MAXTILL SB-200 USB 전원 사운드바 스,0,0,162275,0,0
4599704335,rejoice567,W96ADA1,유한락스 오리지널 대용량 업소용 18kg,1254,0.0,160818,12824.4,2
4620546467,rejoice222,WB16498,방수 발수 넓은 쇼파패드 기능성 소파매트 3 4인용,1430,0.0,160374,11215.0,3
4330352434,rejoice911,유한젠 스포츠,유한젠 스포츠 액체형 세제 아웃도어 산소계 표백제 ,418,0.0,159464,38149.3,1
4620551726,rejoice222,WE161FA,베베숲 트러스트 캡형 물티슈 80매x20개입,550,0.0,159459,28992.5,1
4495989955,dlwodb777,LCE_SX_L5992136,sg투명 사각대형풀장-262/어린이/놀이/매트/사각,1188,15088.4,159347,13413.0,3
4060185292,rejoice666,WB5D859,생분해 비닐봉투 중형 8L 100매,2882,6226.2,159212,5524.4,5
4463453874,rejoice444,WBD5281,코디 아트앤포켓몬 미니 미용티슈 230매x6입 1팩,1133,15406.9,158848,14020.1,2
2936788624,rejoice222,W099CF7,56722 크리넥스 럭셔리 폼 솝(무향) 1000m,0,0,158836,0,0
3695871082,rejoice678,W099CF7,56722 크리넥스 럭셔리 폼 솝 무향 1000ml,0,0,158836,0,0
3877375494,dlwodbs666,W099CF7,56722 크리넥스 럭셔리 폼 솝 무향 1000ml,0,0,158836,0,0
4164332724,rejoice999,W099CF7,56722 크리넥스 럭셔리 폼 솝 무향 1000ml,0,0,158836,0,0
4357142876,dlwodb888,W099CF7,56722 크리넥스 럭셔리 폼 솝(무향) 1000m,0,0,158836,0,0
4055882759,dlwodb111,WB4300E,하기스 내츄럴케어 플러스 물티슈 캡형 64매x6입,1045,10327.3,158650,15181.8,2
4348016817,dlwodbs666,WB4300E,하기스 내츄럴케어 플러스 물티슈 캡형 64매x6입 ,1155,0.0,158650,13735.9,2
4365521146,rejoice222,WB4300E,하기스 내츄럴케어 플러스 물티슈 캡형 64매x6입 ,517,0.0,158650,30686.7,1
4376365926,dlwodb888,WB4300E,하기스 내츄럴케어 플러스 물티슈 캡형 64매x6입,605,0.0,158650,26223.1,1
3662761936,dlwodb111,W458497,프리미엄 곤충젤리 100개 곤충전용. 곤충 젤리 사,176,0.0,157722,89614.8,1
4164260076,rejoice999,W458497,프리미엄 곤충젤리 100개 곤충전용.,0,0,157722,0,0
4357145132,dlwodb888,W458497,프리미엄 곤충젤리 100개 곤충전용.,649,0.0,157722,24302.3,1
4620550610,rejoice222,W458497,프리미엄 곤충젤리 100개 곤충전용.,649,4191.1,157722,24302.3,2
4626137692,rejoice222,W458497,프리미엄 곤충젤리 100개 곤충전용. 사슴벌레 장수,1320,0.0,157722,11948.6,2
4384913605,dlwodb888,WE3E19F,후룻 바이 더 풋 버라이어티팩 1.02kg,341,52046.9,157607,46219.1,1
4197085755,rejoice794,LCE_SX_L1839329_00,티피링크 TP-LINK Archer C64 듀얼 밴,0,0,156926,0,0
4496409346,dlwodb000,LCE_SX_L1839329_00,티피링크 TP-LINK Archer C64 듀얼 밴,330,0.0,156926,47553.3,1
4058763342,rejoice444,WE23CE9,세면대 배관 수전 스패너4종세트 멀티 만능 렌치 몽,2222,0.0,155524,6999.3,4
4256905271,dlwodbs666,WE23CE9,세면대 배관 수전 스패너4종세트 멀티 만능 렌치 몽,440,0.0,155524,35346.4,1
4365567548,dlwodb111,WE23CE9,세면대 배관 수전 스패너4종세트 멀티 만능 렌치 몽,550,0.0,155524,28277.1,1
4369651788,rejoice222,WE23CE9,세면대 배관 수전 스패너4종세트 멀티 만능 렌치 몽,1870,0.0,155524,8316.8,3
4376335163,dlwodb888,WE23CE9,세면대 배관 수전 스패너4종세트 멀티 만능 렌치 몽,649,0.0,155524,23963.6,1
4164278085,rejoice999,W0E5365,자석다트게임 대 디자인랜덤 마그네틱 스포츠게임,0,0,155160,0,0
4253226817,rejoice567,W0E5365,자석다트게임/대/디자인랜덤/마그네틱 스포츠게임,0,0,155160,0,0
4357143033,dlwodb888,W0E5365,자석다트게임/대/디자인랜덤/마그네틱 스포츠게임,0,0,155160,0,0
4376456066,dlwoddbs55,LCE_MX_L3120798_00,크라운 땅콩카라멜 120gx10개입/어르신간식/캬라,0,0,154656,0,0
4172002453,rejoice234,LCE_SX_L2510764_00,크리넥스 데코소프트 두루마리 화장지 30m 72롤 ,924,0.0,153890,16654.8,2
4632944473,dlwoddbs55,LCE_SX_L7794643_00,Coms 나비 NV164-VCC1V 차량용 무선 청,660,0.0,153873,23314.1,1
3868734543,dlwodbs666,W3D98A4,베이블레이드 버스트 초제트 블러디롱기누스 팽이 장난,495,35646.5,153010,30911.1,1
4121928537,dlwodbs222,W3D98A4,베이블레이드 버스트 초제트 블러디롱기누스,0,0,153010,0,0
4365519487,rejoice567,W3D98A4,베이블레이드 버스트 초제트 블러디롱기누스 팽이 장난,275,0.0,153010,55640.0,1
4365528853,rejoice567,WBB75CB,화재 감지기 탈부착기 교체봉 7.5m 교체 봉,539,0.0,151573,28121.2,1
4612445112,rejoice987,WBB75CB,화재 감지기 탈부착기 교체봉 7.5m,1353,12579.5,151573,11202.7,3
4620552270,rejoice222,WBB75CB,화재 감지기 탈부착기 교체봉 7.5m,649,0.0,151573,23354.9,2
4626131972,rejoice222,WBB75CB,화재 감지기 탈부착기 교체봉 7.5m 교체 감지기봉,572,0.0,151573,26498.8,1
4357154401,dlwodb888,WB72469,보쉬 충전 송풍기 GBL18V-120 (배터리X 충,0,0,151260,0,0
4367077549,rejoice222,WB72469,보쉬 충전 송풍기 GBL18V-120 (배터리X 충,0,0,151260,0,0
2711809639,rejoice666,W8FF52F,SELPHY CP 1300 캐논 검정+ 칼라 잉크 ,913,17789.7,151102,16550.1,1
4365561288,dlwodbs222,WF1E259,극세사 담요 특대형 200x230cm/밍크담요 무릎,0,0,151032,0,0
4376332499,dlwodb888,WF1E259,극세사 담요 특대형 200x230cm/밍크담요 무릎,1210,14052.9,151032,12482.0,2
4365559988,rejoice987,WAB0838,뚜러펑 2L 배수구청소 (한박스) 버블윅 깨끗 청소,0,0,150761,0,0
4343732209,dlrmsgh012,LCE_SX_L0701396_00,일월 해든마루 카본매트 삼각포그니 워셔블 전기매트 ,495,32892.9,149446,30191.1,1
4315856401,rejoice911,LCE_SX_L5903145_00,칼집비엔나(하림 냉장 1K) X10/소시지/구정/선,1958,0.0,149157,7617.8,6
4596205584,rejoice666,W8FF525,캐논 정품 SELPHY CP1200 잉크+인화지 1,0,0,148145,0,0
4056124525,dlwodb111,WAD4C32,유한킴벌리 크리넥스 디럭스 미니 카카오프렌즈,253,62924.9,147972,58487.0,1
3868237870,rejoice666,W861F4D,한일전기 EKS-300SAP 셔터그릴형 볼베어링 환,0,0,147408,0,0
4164975869,rejoice999,W861F4D,한일전기 EKS-300SAP 셔터그릴형 볼베어링 환,506,0.0,147408,29132.0,1
4376353802,rejoice444,W861F4D,한일전기 EKS-300SAP 셔터그릴형 볼베어링 환,0,0,147408,0,0
2936781800,rejoice222,WA4D4A1,필립스 9305 스테인 레스 전기 주전자 포트 1.,440,0.0,147243,33464.3,1
4164979410,rejoice999,WA4D4A1,필립스9305 스테인레스 전기주전자 전기포트 1.5,1056,0.0,147243,13943.5,2
4357152181,dlwodb888,WA4D4A1,필립스9305 스테인레스 전기주전자 전기포트 1.5,0,0,147243,0,0
4365564267,dlwodbs666,WA4D4A1,9305 스테인레스 전기주전자 전기포트 1.5L 전,495,0.0,147243,29746.1,1
4369806512,dlwodbs222,WA4D4A1,필립스9305 스테인레스 전기주전자 전기포트 1.5,495,0.0,147243,29746.1,1
4369938619,rejoice567,WA4D4A1,필립스9305 스테인레스 전기주전자 전기포트 1.5,0,0,147243,0,0
4376381814,dlwodb888,WA4D4A1,필립스9305 스테인레스 전기주전자 전기포트 1.5,539,0.0,147243,27317.8,1
4221141763,tmxkql111,LCE_SX_L2796902_01,(골드트리 수목용 수간주사 활력액 500ml)골드트,429,0.0,147138,34297.9,1
4691621051,dlwodbs333,LCE_MX_L0013508_01,(치즈455g 1개+오리지널525g 1개)CJ제일제,990,0.0,146700,14818.2,1
3512939798,rejoice678,WC93039,디펜드 A플러스 일자형 30매 6P 시니어 속기저귀,671,0.0,146660,21856.9,2
4060655126,dlwodb777,WC93039,디펜드 A플러스 일자형 30매 6P 시니어 속기저귀,418,0.0,146660,35086.1,2
4626131389,rejoice222,WC93039,디펜드 A플러스 일자형 30매 6P 시니어 속기저귀,1419,0.0,146660,10335.4,5
4626495696,rejoice222,WC93039,디펜드 A플러스 일자형 30매 6P 시니어 속기저귀,847,18734.4,146660,17315.2,3
4343742665,dlwodb000,LCE_SX_L9294523_00,ES 파이프 세면수전 수도꼭지/세면대/욕실/샤워/연,495,33608.1,145872,29469.1,1
4298975241,dlwodb000,LCE_SX_L8109627_00,옛날 자른미역 50G 30개/해조류/요리용미역/유기,935,17573.3,145852,15599.1,2
3692355433,rejoice567,WADE092,변성실리콘 외부방수 MS2000 300ml녹색1박스,0,0,144487,0,0
3695484149,rejoice678,WADE092,변성실리콘 외부방수 MS2000 300ml녹색1박스,0,0,144487,0,0
4059532106,tmxkqlwus,WADE092,변성실리콘 외부방수 MS2000 300ml녹색1박스,0,0,144487,0,0
4165087362,rejoice999,WADE092,변성실리콘 외부방수 MS2000 300ml녹색1박스,1815,8935.0,144487,7960.7,2
4376372009,dlwodb888,WADE092,오성 변성실리콘 외부방수 MS2000 300ml녹색,220,0.0,144487,65675.9,1
4626133246,rejoice222,WADE092,오성 변성실리콘 외부방수 MS2000 300ml녹색,1320,0.0,144487,10946.0,2
4175727696,rejoice321,LCE_SX_L2413852_00,백설 찹쌀호떡믹스 400g/감자전분/전분/베이킹재료,660,0.0,143890,21801.5,1
4361611099,tmxkql111,LCE_SX_L2413852_00,백설 찹쌀호떡믹스 400g/아이/간식/제빵재료/베이,2189,0.0,143890,6573.3,5
4496475767,dlwodb000,LCE_SX_L2413852_00,백설 찹쌀호떡믹스 400g,990,0.0,143890,14534.3,2
4365510186,rejoice666,WABDF36,에그톡 8p컬러 물감놀이(프리티) 크레파스 물감 그,495,35969.7,143882,29067.1,1
4376328605,dlwoddbs55,LCE_MX_L7196562_00,극세사 이지텍스 다용도33X68cmx5장.캉가루/세,0,0,143837,0,0
4376902773,dlwoddbs55,LCE_MX_L7196562_00,극세사 이지텍스 다용도33X68cmx5장.캉가루/청,2882,0.0,143837,4990.9,3
3662836927,dlwodb111,W6CE175,클린앤매직앤젤 단백질얼룩제거 혈흔제거제 찌든때제거 ,308,0.0,143444,46572.7,1
3695388549,rejoice678,W6CE175,클린앤매직앤젤 단백질얼룩제거 혈흔제거제 찌든때제거 ,0,0,143444,0,0
4164267140,rejoice999,W6CE175,클린앤매직앤젤,0,0,143444,0,0
3512951537,rejoice678,W0954F9,종이타올 47202 크리넥스 프리미엄 핸드타올 F1,0,0,142880,0,0
4324888005,rejoice911,LCE_SX_L5866377_00,3M 포스트잇 슈퍼스티키 미팅 노트 6445-SSP,1045,0.0,142732,13658.6,1
3695546749,rejoice678,W973BEF,스텐 양식기 양식 포크 소 어린이집 아동 어린이 1,0,0,142547,0,0
4365553802,rejoice666,W973BEF,스텐 양식기 양식 포크 소 어린이집 아동 어린이 1,0,0,142547,0,0
4376341820,rejoice444,W973BEF,스텐 양식기 양식 포크 소 어린이집 아동 어린이 1,0,0,142547,0,0
4361187549,rejoice794,LCE_MX_L7944861_00,장유붓 세트/캘리그라피/동양화/한문/수묵화/겸호필/,1991,8291.3,141969,7130.5,3
4376369504,dlwodb888,WB0AEA3,유봇 가정용 스마트 로봇 다용도 진공 청소기 화이트,2310,0.0,141880,6142.0,7
4458422981,dlwoddbs55,LCE_SX_L3649629_00,고급형 8m 사다리 스텝레더 순발력 스피드 훈련/경,550,29378.2,141435,25715.5,1
4365516758,dlwodb111,WDA905E,아남330 카셋트 CD 어 블루투스 MP3 라디오 ,1485,0.0,141389,9521.1,3
4376337232,dlwodb888,WDA905E,아남330 카셋트 CD 플레이어 블루투스 MP3 라,594,0.0,141389,23802.9,1
4626131117,rejoice222,WDA905E,아남330 카셋트 CD 플레이어 블루투스 MP3 라,616,0.0,141389,22952.8,1
4060205259,rejoice666,W6FCE6B,란치에 인덕션겸용 양수 편수 전골 냄비 3종 세트,2508,6317.8,141250,5632.0,4
4671151659,rejoice666,3923599,센트룸 실버 포 맨 112정 실버 맨 112정 (5,2552,2230.8,141209,5533.3,9
4060175161,rejoice666,W553062,노루지 전지 500매 문구 미술 제도용지류,638,0.0,141018,22103.1,1
4405513110,rejoice678,WD59B00,캐논 셀피 CP1500 포토프린터 CP시리즈 전용케,0,0,140928,0,0
4060619894,rejoice678,WBC0662,건식 LED 콘램프 35W 주광색 E39 고와트 대,0,0,140915,0,0
4144693048,dlwodbs666,WBC0662,건식 LED 콘램프 35W 주광색 E39 고와트 대,495,32141.4,140915,28467.7,1
4713983293,rejoice987,WB91E27,메디안 치석 케어 미백 화이트 치약 120g 3개입,2112,7322.4,140638,6659.0,4
4496229547,dlwodb777,LCE_MX_L8446809_00,VEN 멀티 락스퐁 18.75L/바닥청소/욕실/화장,1760,9409.1,140368,7975.5,2
4615128164,dlwodb999,LCE_SX_L8073040,홈스타 락스와 세제 500ml 3X 폼스프레이/세척,154,102402.6,140350,91136.4,1
4059547456,rejoice987,WC6049D,쪼꼬미친구들 보석십자수 키링 ver2(4개),0,0,140006,0,0
4365552586,rejoice999,WC6049D,쪼친구들 보석십자수 ver2(4개) 비즈공예 만들기,198,0.0,140006,70710.1,1
4183012486,dlrmsgh012,LCE_MX_L6493613_00,f04 탑브라이트 러닝박스 도형실꿰기/소근육발달/구,2321,0.0,139629,6015.9,3
4376791650,dlwoddbs55,LCE_SX_L7908608_00,(블루래빗) 말하는부엉이영어 카드/낱말/교육/교구/,0,0,139441,0,0
4386091885,tmxkql111,LCE_SX_L7908608_00,(블루래빗) 말하는부엉이영어 카드/한글/공부/그림/,0,0,139441,0,0
4525942554,dlwodb888,WEBE235,여성 여름 반팔 라운드 티셔츠 U넥 기본 무지 슬림,396,24929.3,139294,35175.3,4
4060555608,dlwodb777,WC53FE1,크리넥스 울트라클린 3겹화장지 30롤,0,0,139230,0,0
4165016256,rejoice999,WC53FE1,크리넥스 울트라클린 3겹화장지 30롤,462,0.0,139230,30136.4,1
4365554212,rejoice666,WC53FE1,크리넥스 울트라클린 3겹화장지 30롤 화장지 휴지 ,1881,0.0,139230,7401.9,3
4376349693,dlwodb888,WC53FE1,크리넥스 울트라클린 3겹화장지 30롤,990,0.0,139230,14063.6,2
4620550371,rejoice222,WC53FE1,크리넥스 두루마리휴지 울트라클린 화장지 3겹 30롤,825,9263.0,139230,16876.4,3
4384926391,dlwodb888,WFGB0VI,강아지 인형 파우치 필통 (5개),660,23672.7,139028,21064.8,1
3804097787,rejoice222,W728167,청화백자 당초 개완 개합 다기세트 다도 다기세트 중,638,0.0,138763,21749.7,1
3512748679,rejoice678,W937B97,HDMI UTP 리피터 송수신기 영상 음성 신호 거,1265,0.0,137697,10885.1,2
4365530890,rejoice567,WC019F3,효연 자양 진 스킨케어 2종 세트 -O 화장품 기초,2178,0.0,137551,6315.5,6
3841788807,rejoice567,W0DA0F7,스테인레스 케이크 베이킹 돌림판 스텐돌림판 케익돌림,0,0,137332,0,0
4365507500,dlwodb888,W0DA0F7,스테인레스 케이크 베이킹 돌림판 스텐돌림판 케익돌림,638,0.0,137332,21525.4,1
4059361066,rejoice999,WCBE9D9,B1 펜톡쿨 저온용 필라멘트 5M 12색,550,0.0,137078,24923.3,1
4376343904,dlwodb888,WCBE9D9,B1 펜톡쿨 저온용 필라멘트 5M 12색,198,0.0,137078,69231.3,1
4405495466,rejoice666,WA8CF7F,스마토 공구세트 SM-TS139(139PCS),1793,8547.1,136727,7625.6,4
4319456015,rejoice911,LCE_SX_L8191226_00,(블루택) 블루 45g x 3개 고무틈새메꾸미 보수,0,0,136580,0,0
4435260133,dlwodb999,LCE_SX_L8191226_00,(블루택) 블루 45g x 3개 고무틈새메꾸미 보수,1177,13175.0,136580,11604.1,2
3869141003,dlwodbs666,WA1BD6B,파종기 씨앗이식 모종심기 비료 주입기 한손 양손 파,1584,0.0,136330,8606.7,3
4365578652,dlwodbs666,WA1BD6B,파종기 씨앗이식 모종심기 비료 주입기 한손 양손 모,440,0.0,136330,30984.1,1
4376384365,dlwodb888,WA1BD6B,파종기 씨앗이식 모종심기 비료 주입기 한손 양손,2618,0.0,136330,5207.4,5
4612446264,rejoice987,WA1BD6B,파종기 씨앗이식 모종심기 비료 주입기 한손 양손,2563,0.0,136330,5319.2,4
4438042881,rejoice321,LCE_SX_L7667149_00,국산 식도보다 강한 스텐낫 면도낫/농업/갈고리/기구,539,4469.4,136226,25273.8,1
4299061653,dlwodb000,LCE_MX_L8714299_00,오토스-혁신적인 구조설계 안전보안경 B-810ASF,2101,7484.1,136168,6481.1,2
4369120870,dlwodb111,WE31C7A,꾼스 귀여운 인테리어 책고정 북엔드 책지지대 책꽂이,902,0.0,136164,15095.8,2
3745879348,dlwodbs666,W96C576,아이에이치 티타늄 5중코팅 인덕션 후라이팬 32 궁,1419,0.0,135740,9565.9,3
4060362202,dlwodb777,W96C576,아이에이치 티타늄 5중코팅 인덕션 후라이팬 32,825,19110.3,135740,16453.3,2
4306776189,dlwodbs222,W96C576,아이에이치 티타늄 5중코팅 인덕션 후라이팬 32,0,0,135740,0,0
4328253741,rejoice987,W96C576,아이에이치 티타늄 5중코팅 인덕션 후라이팬 32 궁,0,0,135740,0,0
4144760350,rejoice678,W4B4D92,스파이더맨 에버그린 코스튬 할로윈 파티복 코스프레,1463,0.0,135692,9274.9,2
4376659645,dlwoddbs55,LCE_MX_L1082467,통통마루 컬러 EVA 만능 실내화/단색실내화/학생실,1001,0.0,135576,13544.1,1
2786152076,rejoice666,W90A9B9,영진 안전대 추락 방지 안전벨트 산업 안전그네 고리,2519,6579.6,135078,5362.4,4
4376331779,dlwodb888,WF6AB11,타야쓰 담라 어쏘티드 캔디 2kg 대용량사탕 학교,1254,2269.5,133990,10685.0,2
4612398219,rejoice666,WF6AB11,타야쓰 담라 어쏘티드 캔디 2kg 대용량사탕 학교,1771,2565.8,133990,7565.8,3
4171746156,rejoice234,LCE_SX_L3240164,라지볼용 네오 파워카본44 탁구용품 탁구라켓/입문용,495,0.0,133351,26939.6,1
4376904761,dlwoddbs55,LCE_SX_L3422216,(국내생산) 베이직 재활용 분리수거함 팝업도어 45,0,0,132615,0,0
4201950664,rejoice794,LCE_SX_L1898179_00,시장젤리 오렌지 젤리 2.5kg 개별포장 대용량/까,517,28943.9,131506,25436.4,1
3804214228,rejoice666,WD61E5E,아이코닉스 크롱 뿡뿡 응가놀이 092042 감각발달,231,0.0,131500,56926.4,1
4165108165,rejoice999,WD61E5E,아이코닉스 크롱 뿡뿡 응가놀이 092042,0,0,131500,0,0
4626131154,rejoice222,WD61E5E,아이코닉스 크롱 뿡뿡 응가놀이 092042 감각발달,1925,7520.0,131500,6831.2,4
4466634160,dlwoddbs55,LCE_SX_L9695379_04,(32인치(720x420)) BozaBoza Cli,0,0,131478,0,0
4145032056,dlwodb111,W94794F,퀸마루 노터치 스프레이 밀대 물걸레청소기,1441,10187.4,130816,9078.1,3
4376344097,rejoice444,W94794F,퀸마루 노터치 스프레이 밀대 물걸레청소기,1661,0.0,130816,7875.7,4
4060046440,dlwodb777,W74E6B5,옥시크린 액체형 1.4L 세탁 액상 빨래 세제,726,21090.9,130216,17936.1,2
4496089386,dlwodb777,LCE_SX_L6377429_00,칫솔 꽂이 케이스 수납함 거치대 면도기 치약 사각형,1023,14146.6,129544,12663.1,2
4365532259,dlwodb111,WA016A8,PE로프 8mm 안전 산업용 안전망 그물망 녹색 주,638,0.0,129536,20303.4,1
4376385621,dlwodb888,WA016A8,PE로프 8mm 안전 산업용 안전망 그물망 녹색 주,319,0.0,129536,40606.9,1
4494688557,rejoice567,W6A7D47,다모아연필세트(100자루세트),0,0,129470,0,0
3690143327,rejoice666,WA0295A,슈퍼액트 분말세제 일반드럼겸용 세제 10kg 2개입,1155,0.0,129377,11201.5,3
3692452411,rejoice567,WA0295A,슈퍼액트 분말세제 일반드럼겸용 세제 10kg 2개입,0,0,129377,0,0
3695553757,rejoice678,WA0295A,슈퍼액트 분말세제 일반드럼겸용 세제 10kg 2개입,0,0,129377,0,0
4365547759,rejoice999,WF66B0F,철제 타공판 페그보드 화이트(대)_BD803_037,1804,0.0,128738,7136.3,3
4376331816,dlwodb888,WF66B0F,철제 타공판 페그보드 화이트(대)_BD803_037,1298,0.0,128738,9918.2,2
4059519901,tmxkqlwus,WB863F9,코로숨밴드 120매 입벌림방지 테이프,451,0.0,128295,28446.8,1
4376362923,dlwodb888,WB863F9,코로숨밴드 120매 입벌림방지 테이프,385,0.0,128295,33323.4,1
4626132449,rejoice222,WB863F9,코로숨밴드 120매 입벌림방지 테이프 구강호흡 목건,440,6859.1,128295,29158.0,1
4626498148,rejoice222,WB863F9,코로숨밴드 120매 입벌림방지 테이프,165,0.0,128295,77754.5,1
4713993597,rejoice794,WD4F657,뮤패드 K10 플러스 범용 회전 케이스 포유디지탈 ,99,0.0,128143,129437.4,1
3841724314,rejoice567,WAE30C6,악셀파스 방수몰탈 5kg 셀프방수 바르는 방수시멘트,0,0,127933,0,0
4058639448,rejoice444,WAE30C6,악셀파스 방수몰탈 5kg 셀프방수 바르는 방수시멘트,495,0.0,127933,25845.1,1
4059535310,tmxkqlwus,WAE30C6,악셀파스 방수몰탈 5kg 셀프방수 바르는 방수시멘트,539,0.0,127933,23735.3,1
4365520183,rejoice666,WAE30C6,악셀파스 방수몰탈 5kg 셀프방수 바르는 방수시멘트,0,0,127933,0,0
4376371208,dlwodb888,WAE30C6,악셀파스 방수몰탈 5kg 셀프방수 바르는 방수시멘트,451,0.0,127933,28366.5,1
4671041751,rejoice666,3903723,크리넥스 종이보다 가벼운 에어 마스크 대형 초경량,660,0.0,127884,19376.4,2
3866748899,dlwodb777,W8B467C,O형고무 샤시 고무패킹 방충망교체 모기장설치 부자재,660,0.0,127862,19373.0,1
3868994121,dlwodbs666,W8B467C,O형고무 샤시 고무패킹 방충망교체 모기장설치 부자재,1903,3424.1,127862,6719.0,3
3877339656,dlwodbs666,W8B467C,O형고무 샤시 고무패킹 방충망교체 모기장설치 부자재,539,0.0,127862,23722.1,1
4376351352,rejoice444,W8B467C,O형고무 샤시 고무패킹 방충망교체 모기장설치 부자재,1089,0.0,127862,11741.2,2
4612445328,rejoice987,W8B467C,O형고무 샤시 고무패킹 방충망교체 모기장설치 부자재,1210,0.0,127862,10567.1,2
4620544269,dlwodb888,W8B467C,O형고무 샤시 고무패킹 방충망교체 모기장설치 부자재,2288,0.0,127862,5588.4,4
4402772154,rejoice999,WFFKOAS,색소폰 침수건 3종세트 내부청소 기타 피아노 악기,0,0,126110,0,0
4612405463,dlwodb111,WFFKOAS,색소폰 침수건 3종세트 내부청소 기타 피아노 악기,495,0.0,126110,25476.8,1
4620547628,rejoice222,WFFKOAS,색소폰 침수건 3종세트 내부청소 기타 피아노 악기,781,0.0,126110,16147.2,2
4463454362,rejoice666,W6DB967,USB 포트 먼지마개 DUST 커버 실리콘 100개,1606,0.0,125840,7835.6,3
4376353526,rejoice444,W865E39,한일전기 욕실용 천장용환풍기 EK-160NST,2926,4802.5,125552,4290.9,5
4060200066,rejoice666,W5C7177,방화문 방문 현관문 철문 도어락 현관정 원형 손잡이,660,0.0,125365,18994.7,1
4599832044,rejoice567,WACFED9,크레토스 국산 프라즈마 팁 전극세트 P-80(1.5,0,0,125046,0,0
4612434414,rejoice999,W1ACB26,장죽수세미 파란수세미 직사각수세미 10P,484,0.0,124990,25824.4,1
4620554057,rejoice222,W1ACB26,장죽수세미 파란수세미 직사각수세미 10P,1320,0.0,124990,9468.9,2
4165159851,rejoice999,W7ED72C,불스원 스프레이 체인 자동차 타이어 스노우 체인,946,0.0,124976,13211.0,2
4256903845,dlwodbs666,W7ED72C,불스원 스프레이 체인 자동차 타이어 스노우 체인,385,0.0,124976,32461.3,1
4376356273,rejoice444,W7ED72C,불스원 스프레이 체인 자동차 타이어 스노우 체인,880,9480.7,124976,14201.8,2
4599811848,rejoice987,WAD50F2,레인보우 캐슬 파티 공주의 성 블럭 조립 15,2090,6724.4,124369,5950.7,4
4324896098,rejoice911,LCE_SX_L1791279_13,(옐로우 | 150cm (원형))마카롱 투톤 믹스 ,858,0.0,124165,14471.4,2
4338870792,dlwodbs222,WC82D27,커피 저울 CS-5010 화이트 0.1g~1kg 카,1529,4576.8,123134,8053.2,3
4402782263,tmxkqlwus,WD44AD2,스마트파닉스 1~5 SB / WB 3rd (3에디션,1122,12541.0,123003,10962.8,3
4405493071,rejoice666,WD44AD2,스마트파닉스 1~5 SB / WB 3rd (3에디션,319,0.0,123003,38558.9,1
4405499268,rejoice222,W8536B9,여아 뉴 백설공주3 드레스,2453,0.0,122880,5009.4,3
4058879699,rejoice444,WA073BB,드릴머신 밀링바이스 탁상드릴 공구 작업대 이동대,539,25328.4,122172,22666.4,1
4626134186,rejoice222,WA073BB,드릴머신 밀링바이스 탁상드릴 공구 작업대 이동대 이,121,0.0,122172,100968.6,1
4376343646,rejoice444,W950B06,백제 우리쌀 즉석 떡국 163g X 16ea,2112,0.0,121912,5772.3,7
4626503422,rejoice222,W950B06,백제 우리쌀 즉석 떡국 163g X 16ea,242,0.0,121912,50376.9,1
3692763362,rejoice567,WAC8534,건조 가려운 피부 보습 진정효과 저자극 아토 로션 ,1089,0.0,121848,11189.0,3
3695772650,rejoice678,WAC8534,건조 가려운 피부 보습 진정효과 저자극 아토 로션 ,990,6008.1,121848,12307.9,2
4165213296,rejoice999,WAC8534,건조 가려운 피부 보습 진정효과 저자극 아토 로션,968,0.0,121848,12587.6,2
4365554331,tmxkqlwus,WAC8534,건조 가려운 피부 보습 진정효과 저자극 아토 로션 ,1056,6890.2,121848,11538.6,3
4060687851,dlwodb777,WBF030A,멸균 긴면봉 소독 개별포장 15cm 병원용 의료 1,693,0.0,121840,17581.5,2
4348007177,rejoice987,WBF030A,긴면봉 개별포장 15cm 병원용 의료 100개 면봉,385,0.0,121840,31646.8,1
4376355575,dlwodb888,WBF030A,멸균 긴면봉 소독 개별포장 15cm 병원용 의료 1,957,0.0,121840,12731.5,2
3745546806,dlwodbs666,W3B2A59,한식 도자기 그릇 고백자 2인 식기세트 11p 식당,1639,0.0,121547,7415.9,3
4058643151,rejoice567,W3B2A59,한식 도자기 그릇 고백자 2인 식기세트 11p,0,0,121547,0,0
4481158425,rejoice321,LCE_SX_L6274462_00,책상 서랍장 잠금장치 키뭉치 정면/포인트철물/GEM,1694,8270.4,121480,7171.2,3
4372977479,dlrmsgh012,LCE_SX_L6074106,더허브스토리 마사지솔트 500g 라벤더 페퍼민트 로,2079,6466.6,121330,5836.0,4
4340004729,dlwodbs444,LCE_SX_L5986528_00,3M 대형 클린컷 테이프 클리너 필름 리필 2롤/애,506,27302.4,120490,23812.3,1
4060101804,dlwodb111,WB9B4F8,CC308 불법촬영 탐지기 카메라 탐지,1100,11629.1,120137,10921.5,4
4365561624,dlwodbs222,WD116D3,그리너리 장모 잔디러그 150x200 대자리 카페트,1188,0.0,119771,10081.7,2
4599837082,dlwodb111,WD116D3,그리너리 장모 잔디러그 150x200,2893,0.0,119771,4140.0,6
4626131197,rejoice222,WD116D3,그리너리 장모 잔디러그 150x200 대자리 카페트,1155,0.0,119771,10369.8,3
4385874902,rejoice794,LCE_SX_L1483663_00,해피홈 파워캡슐 세제 트리플 로즈 32개입 겸용/세,847,15856.0,119425,14099.8,2
3558912783,rejoice222,WB226DD,키친아트2534 멀티 전기쿠커 전기찜기 3단분리세척,1562,8146.0,119188,7630.5,3
4142534051,rejoice567,WB226DD,키친아트2534 멀티 전기쿠커 전기찜기 3단분리세척,0,0,119188,0,0
4144552615,dlwodbs666,WB226DD,키친아트2534 멀티 전기쿠커 전기찜기 3단분리세척,1144,0.0,119188,10418.5,2
4165007966,rejoice999,WB226DD,키친아트2534 멀티 전기쿠커 전기찜기 3단분리세척,0,0,119188,0,0
3745629077,dlwodbs666,WAF1366,쿨샵 남성 화장품 헤라 옴므 에센스 안티 에이징스킨,1562,0.0,118866,7609.9,4
4055965662,dlwodb111,WAF1366,쿨샵 남성 화장품 헤라 옴므 에센스 안티 에이징스킨,1199,0.0,118866,9913.8,3
4060477375,dlwodbs222,WAF1366,쿨샵 남성 화장품 헤라 옴므 에센스 안티 에이징스킨,814,0.0,118866,14602.7,3
4165018180,rejoice999,WAF1366,쿨샵 남성 화장품 헤라 옴므 에센스 안티 에이징스킨,2541,0.0,118866,4677.9,6
4376369907,dlwodb888,WAF1366,쿨샵 남성 화장품 헤라 옴므 에센스 안티 에이징스킨,649,0.0,118866,18315.3,3
4599825508,rejoice567,WAF1366,쿨샵 남성 화장품 헤라 옴므 에센스 안티 에이징스킨,957,0.0,118866,12420.7,3
4620549360,dlwodb888,WAF1366,쿨샵 남성 화장품 헤라 옴므 에센스 안티 에이징스킨,649,0.0,118866,18315.3,3
4060102761,tmxkqlwus,WB1B2D6,하얀손 세이프핸즈 다용도 고무장갑 소 대 10입,550,11712.7,118688,21579.6,1
4365520409,rejoice222,WB1B2D6,하얀손 세이프핸즈 다용도 고무장갑 소 대 10입 주,0,0,118688,0,0
4365527083,rejoice666,WC68797,투톤 엠보 러그 크림 200x250 카페트 원형 홈,440,30072.7,118518,26935.9,1
4376348355,dlwodb888,WC68797,투톤 엠보 러그 크림 200x250,99,0.0,118518,119715.2,1
4626495963,rejoice222,WC68797,투톤 엠보 러그 크림 200x250,1012,0.0,118518,11711.3,3
4328278699,rejoice222,W9A0710,원형 극세사 방석 소파 쿠션 학생,1276,10395.0,118496,9286.5,2
4402786837,rejoice567,W390C86,민들레 쌀독 쌀항아리 쌀통 20kg,0,0,118405,0,0
4599811166,rejoice987,W390C86,민들레 쌀독 쌀항아리 쌀통 20kg,638,0.0,118405,18558.8,1
4405493344,rejoice666,WFFTKT6,아에르 1급 방진마스크 KA201V 10매입,2409,5382.3,118292,4910.4,6
4202190174,rejoice321,LCE_SX_L2659440_00,MSCT_(반바오) 펫샵 BO6112/키즈게임/어린,990,13547.5,118144,11933.7,2
4242551205,dlwodbs444,LCE_SX_L4816379_00,벌집무늬 반사 테이프 사선 25mm x 50M 황흑,330,40272.7,117803,35697.9,1
2936676467,rejoice222,WA5277B,수업용 대형 자석 기계식 타이머 공부 베이킹 다용도,660,0.0,117312,17774.5,1
3421327074,rejoice987,WA5277B,수업용 대형 자석 기계식 타이머 공부 베이킹 ,0,0,117312,0,0
4328262086,rejoice678,WA5277B,수업용 대형 자석 기계식 타이머 공부 베이킹 다용도,550,0.0,117312,21329.5,1
4369806385,dlwodbs222,WA5277B,수업용 대형 자석 기계식 타이머 공부 베이킹,0,0,117312,0,0
4369938452,rejoice567,WA5277B,수업용 대형 자석 기계식 타이머 공부 베이킹,0,0,117312,0,0
4612397910,rejoice666,WA5277B,수업용 대형 자석 기계식 타이머 공부 베이킹,1320,0.0,117312,8887.3,2
4713990383,rejoice794,WCC3660,매끄럽게 윤기를 부여해주는 립스틱 105 로맨틱핑크,99,0.0,117250,118434.3,1
4376560878,dlwoddbs55,LCE_SX_L1732857_00,뉴 뽀글뽀글 라벤더 배쓰밤 만들기(5개 세트)/입욕,2145,6037.3,116834,5446.8,5
4376388818,dlwodb888,W9D170E,(레드박스)구슬굴리기 마블런(150P) (612R2,836,15529.9,116352,13917.7,4
3841762845,rejoice567,WAC5E23,신신 스프레이 에어파스EX 220mlx10개 물파스,0,0,116316,0,0
4059447898,rejoice999,WAC5E23,신신 스프레이 에어파스EX 220mlx10개,2178,0.0,116316,5340.5,2
4059515942,tmxkqlwus,WAC5E23,신신 스프레이 에어파스EX 220mlx10개,1925,0.0,116316,6042.4,3
4060460380,dlwodbs222,WAC5E23,신신 스프레이 에어파스EX 220mlx10개,495,0.0,116316,23498.2,1
4245234252,rejoice987,WAC5E23,신신 스프레이 에어파스EX 220mlx10개,0,0,116316,0,0
4365544058,rejoice666,WAC5E23,신신 스프레이 에어파스EX 220mlx10개 물파스,0,0,116316,0,0
4164318697,rejoice999,W71DF28,고양이사료 뉴 캐츠랑 어덜트 8kg,1375,6220.4,115794,8421.4,3
4599819136,dlwodb111,W71DF28,고양이사료 뉴 캐츠랑 어덜트 8kg,990,5899.0,115794,11696.4,2
4365560379,dlwodb111,WC90273,SL-T2275DW 프린터적용 검정+칼라 4색 호환,495,0.0,115702,23374.1,1
4060042397,tmxkqlwus,W8D32D0,크루거3000 핸디형 겸용 스텐드 자동 반죽기,2233,5524.9,115666,5179.8,4
4165016679,rejoice999,W8D32D0,크루거3000 핸디형 겸용 스텐드 자동 반죽기,506,0.0,115666,22858.9,1
3692225718,rejoice567,WA38B4E,키폰용배터리 EM24070 24V 7AH 연 납 축,0,0,115418,0,0
3695387307,rejoice678,WA38B4E,키폰용배터리 EM24070 24V 7AH 연 납 축,0,0,115418,0,0
4626134082,rejoice222,WA38B4E,키폰용배터리 EM24070 (24V 7AH) 연(납,1276,0.0,115418,9045.3,2
4324413390,rejoice911,LCE_SX_L6178570_00,EFM 아이피타임 스위칭 허브(H7005A 후속모델,297,41969.7,115400,38855.2,1
2936321879,rejoice222,W89DAE6,신일 40D 무선 세라믹열판 파워스팀 다리미 스팀다,528,0.0,115041,21788.1,1
4365541323,rejoice666,W89DAE6,신일40D 무선 세라믹열판 파워스팀 다리미 스팀다리,1694,0.0,115041,6791.1,3
4166207442,rejoice999,WC64C8D,조립식 미니 철제 원형 사이드테이블 빈티지 거실협탁,649,0.0,114986,17717.4,1
4058915075,rejoice444,W8BD985,나사 피스 논프라피스 길이선택,451,0.0,114869,25469.8,1
4182583219,dlrmsgh012,LCE_SX_L6469845_02,(티오피 심플리 스무스 라떼 240mlx20펫x2박,99,0.0,114804,115963.6,1
2936662277,rejoice222,W10F592,에그톡 12 컬러 (피카소) 물감 놀이 크레용 ,0,0,114190,0,0
3745823957,dlwodbs666,W10F592,에그톡 12컬러 피카소 물감놀이 크레 용 파스,1100,0.0,114190,10380.9,2
4144507503,dlwodbs666,W10F592,에그톡 12컬러 (피카소) 물감놀이,0,0,114190,0,0
4164286226,rejoice999,W10F592,에그톡 12컬러 피카소 물감놀이,803,0.0,114190,14220.4,1
4357143025,dlwodb888,W10F592,에그톡 12컬러 (피카소) 물감놀이,0,0,114190,0,0
4615128028,dlwodb999,LCE_SX_L9011876_00,비트제로 드럼용3L/진드기/침투세탁/비트/액츠세제/,660,19227.3,114190,17301.5,1
4376558142,dlwoddbs55,LCE_SX_L6129024_00,치간칫솔 이쑤시개 부드러운 이수시개 요지 2000개,0,0,114033,0,0
4165175966,rejoice999,WAD0181,무선 블루투스 헤드폰 FM라디오 스테 유선 헤드셋,1320,9198.5,113892,8628.2,2
3691972602,rejoice567,WBF1159,젓가락정리기 고르나라 주방용품 학교용품 급식용품 세,0,0,113744,0,0
3695168465,rejoice678,WBF1159,젓가락정리기 고르나라 주방용품 학교용품 급식용품 세,0,0,113744,0,0
4059718310,rejoice444,WBF1159,젓가락정리기 고르나라,0,0,113744,0,0
4165044084,rejoice999,WBF1159,젓가락정리기 고르나라,0,0,113744,0,0
4376355242,dlwodb888,WBF1159,젓가락정리기(고르나라),1056,0.0,113744,10771.2,2
4369716701,rejoice999,WB802BD,포지타노레몬캔디 레몬맛사탕 입덧사탕 3개,660,3816.7,112515,17047.7,1
4376363250,dlwodb888,WB802BD,포지타노레몬캔디 레몬맛사탕 입덧사탕 3개,1925,0.0,112515,5844.9,3
4612446215,rejoice987,WB802BD,포지타노레몬캔디 레몬맛사탕 신맛사탕 3개,638,0.0,112515,17635.6,2
4626132486,rejoice222,WB802BD,포지타노레몬캔디 레몬맛사탕 신맛사탕 3개 사탕 레몬,1265,0.0,112515,8894.5,3
4343725890,rejoice794,LCE_SX_L5004016_00,동화-CO2토치 가스디피샤 부품 350A 10 (B,0,0,112226,0,0
4489967363,rejoice987,W7B02CA,레자방수시트 95x140cm/회색 병원 반시트 커버,0,0,111815,0,0
4182583158,dlrmsgh012,LCE_SX_L6469845_01,(티오피 심플리 스무스 스위트아메리카노 240mlx,2068,6292.1,111804,5406.4,6
4525937997,dlwodbs666,WE161FB,베베숲 트러스트 캡형 물티슈 80매 x10개입,2420,1534.7,111714,4616.3,6
4213491545,tmxkql111,LCE_SX_L2229389_03,(믹스mix(100p)) 듀플로 호환 기본블럭 내맘,990,0.0,111344,11246.9,2
3421257457,rejoice987,W9B7A73,캐릭터 패션 구체관절 인형 미미 한복 랜덤1종 ,594,22781.1,110220,18555.6,2
4369067732,rejoice999,WA3FCA4,자석공구걸이 거치대 막대 650MM 마그네틱 툴홀더,495,0.0,110029,22228.1,1
4060084480,dlwodb777,WA86F66,소프트 스판 쇼파 소파 커버 패드 카우치 3인용,1155,0.0,109889,9514.2,2
4165139924,rejoice999,WA86F66,소프트 스판 쇼파 소파 커버 패드 카우치 3인용,1925,0.0,109889,5708.5,3
4357152590,dlwodb888,WA86F66,소프트 스판 쇼파 소파 커버 패드 카우치 3인용,2563,1479.1,109889,4287.5,4
3692201487,rejoice567,WA5F764,파비스 블랙폴리 N 코팅 안전 절연장갑 x 10켤레,0,0,109575,0,0
3108013962,rejoice444,W021922,오딧세이 로맨틱 스킨 리파 이너 130ml 남성 화,770,0.0,109565,14229.2,2
3421327306,rejoice987,W021922,오딧세이 로맨틱 스킨 리파 이너 130ml ,715,6026.6,109565,15323.8,2
3745802272,dlwodbs666,W021922,오딧세이 로맨틱 스킨 리파이너130ml 남성화장품 ,2552,0.0,109565,4293.3,6
4365563811,dlwodbs666,W021922,오딧세이 로맨틱 스킨 리파이너130ml 남성화장품 ,715,0.0,109565,15323.8,2
4620552519,dlwodb888,W021922,오딧세이 로맨틱 스킨 리파이너130ml,2805,1467.4,109565,3906.1,5
4343728006,tmxkql111,LCE_SX_L4319277_00,퓨리2단형 헤파강화2개 AS301DRPA 공기청정기,0,0,109391,0,0
4401472294,dlwodb999,LCE_SX_L9578296_00,3M 포스트잇 노트 656 20A 대용량팩 51X7,0,0,109277,0,0
4171818624,rejoice234,LCE_SX_L6005227_00,카누 미니 디카페인 아메리카노 50T (45g)/카,0,0,108488,0,0
4361126614,rejoice794,LCE_SX_L6005227_00,카누 미니 디카페인 아메리카노 50T (45g)/골,0,0,108488,0,0
4612445959,rejoice987,WB3DBEC,제주 순수녹차 2gx20T 오설록,550,5934.5,108299,19690.7,1
4361189611,rejoice234,LCE_MX_L5904327_00,순샘 구연산 자몽향 1kg 펌프 애경 주방세제/과일,770,15716.9,108210,14053.2,3
4319411360,rejoice911,LCE_SX_L5007300_00,렉슨-스카시톱용날 25T(6PCS) 목공용 (1EA,440,26659.1,107940,24531.8,1
4165184880,rejoice999,WD6294B,로얄 헤리티지 바체 정사각접시 4P 세트 소,2299,0.0,107812,4689.5,5
4357157442,dlwodb888,WD6294B,로얄 헤리티지 바체 정사각접시 4P 세트 소,231,0.0,107812,46671.9,1
4365525730,dlwodbs222,WD6294B,로얄 헤리티지 바체 정사각접시 4P 세트 소 접시 ,0,0,107812,0,0
4376338903,dlwodb888,WD6294B,로얄 헤리티지 바체 정사각접시 4P 세트 소,572,21771.0,107812,18848.3,2
4220973313,tmxkql111,LCE_SX_L2810683_00,H-457 BA 무소음 모 던스타일 벽시계/거실/벽,660,18387.9,107682,16315.5,1
4348005140,rejoice666,WE7D14F,태극제약 도미나스 4X 크림 50g 1통 펩타이드 ,2816,0.0,107438,3815.3,9
4059932275,tmxkqlwus,W8536AF,바이올렛 퍼플 공주드레스,649,0.0,106838,16461.9,1
4365543402,rejoice666,WBF7893,전기 후라이팬 잔치팬 부침팬 그릴팬 45.5cm 팬,671,0.0,106293,15841.0,1
4376355082,dlwodb888,WBF7893,키친아트 전기 후라이팬 잔치팬 부침팬 그릴팬 45.,495,0.0,106293,21473.3,1
4384919557,dlwodb888,WFFQDOH,질레트 프로글라이드 면도날 14개,1804,0.0,106220,5888.0,3
4460792105,rejoice444,WFFQDOH,질레트 프로글라이드 면도날 14개,0,0,106220,0,0
4369154079,rejoice999,WBFD02D,만들기대장 박스종이 코끼리 만들기 (채색도구포함) ,583,20329.3,106212,18218.2,1
4376360746,dlwodb888,WB9ED2D,굵은 팔뚝 자동혈압계 대형 커프 타사 호환 ML,1980,4142.4,105299,5318.1,8
4245234237,rejoice987,W9D13AD,뉴케어 하이프로틴 200ml 10캔,660,0.0,105036,15914.5,1
3745652639,dlwodbs666,W9BFC47,단열벽지 20M 접착식 결로방지 곰팡이 셀프방한 포,495,0.0,104449,21100.8,1
4306768257,dlwodbs222,W9BFC47,친환경단열벽지 20M 접착식 결로방지 곰팡이 셀프방,0,0,104449,0,0
4197014236,rejoice794,LCE_SX_L2812234_05,(완구 R/C 전용 USB 1A 어댑터 (REP20,0,0,104102,0,0
4386099514,dlwodbs444,LCE_MX_L6520110_00,대흥 펀칭 영업용 다시통 7호/거름망/스텐/국물/그,2178,0.0,103956,4773.0,2
3692657695,rejoice567,W7EA4E0,뉴트 비스트로 Pro 고양이 사료 6kg 300gx,2530,0.0,103739,4100.4,5
3695697786,rejoice678,W7EA4E0,뉴트 비스트로 Pro 고양이 사료 6kg 300gx,2035,0.0,103739,5097.7,4
4165197883,rejoice999,W7EA4E0,뉴트 비스트로 Pro 고양이 사료 6kg 300gx,561,0.0,103739,18491.8,1
4460790352,rejoice444,W7EA4E0,뉴트리나 비스트로 Pro 고양이 사료 6kg 300,605,0.0,103739,17146.9,1
4620559400,rejoice222,W7EA4E0,뉴트리나 비스트로 Pro 고양이 사료 6kg 300,2673,0.0,103739,3881.0,5
4626136057,rejoice222,W7EA4E0,뉴트리나 비스트로 Pro 고양이 사료 6kg 300,1507,0.0,103739,6883.8,3
4626506349,rejoice222,W7EA4E0,뉴트리나 비스트로 Pro 고양이 사료 6kg 300,385,0.0,103739,26945.2,1
4059366231,rejoice999,WCB1FF0,BozaBoza Clip 블루라이트 차단 클립형 필,605,18238.0,103709,17142.0,1
3513484434,rejoice678,WB8C531,치킨스톡 매기 액상 1.2kg,2255,5239.0,103623,4595.3,4
4369727193,tmxkqlwus,WAAC33B,종합건빵세트20봉지 (쌀5+밀5+야채5+참깨5),0,0,103576,0,0
4369729365,rejoice987,WAAC33B,종합건빵세트20봉지 (쌀5+밀5+야채5+참깨5),0,0,103576,0,0
4369763180,dlwodb111,WAAC33B,종합건빵세트20봉지 (쌀5+밀5+야채5+참깨5),1012,11272.7,103576,10234.8,2
4376376117,dlwodb888,WAAC33B,종합건빵세트20봉지 (쌀5+밀5+야채5+참깨5),660,0.0,103576,15693.3,1
4376556926,dlwoddbs55,LCE_SX_L1617512_00,대원우드 보드콤 5T 60X90cm A세트(5색X3,0,0,103502,0,0
4496617680,dlwodb000,LCE_SX_L1617512_00,대원우드 보드콤 5T 60X90cm A세트(5색X3,308,37357.1,103502,33604.5,2
4365520218,dlwodbs222,WE1CFFB,마크라메 우동끈 19컬러 5mm 콘사 코바늘 뜨개 ,1650,0.0,103228,6256.2,3
4612397847,rejoice666,WE1CFFB,마크라메 우동끈 19컬러 5mm 콘사 코바늘 뜨개 ,869,5657.1,103228,11878.9,2
4496042752,dlwodb777,LCE_SX_L7464820_00,LED평판 직하(엣지형) 1285X180 50W 주,1199,9593.0,103166,8604.3,2
4171826919,rejoice234,LCE_SX_L1894189_00,기타케이블 악기 잭선 3m BKA 일렉기타케이블 기,583,19890.2,103007,17668.4,1
3841700498,rejoice567,W3C1E78,업소용 full-size 코팅밧드 제과용 오븐팬 코,220,0.0,102952,46796.4,2
4164286690,rejoice999,W3C1E78,업소용 full-size 코팅밧드 제과용 오븐팬,0,0,102952,0,0
4357148114,dlwodb888,W79391A,더스트 크리너 3.75L 먼지 흡착 제거제 청소오일,0,0,102426,0,0
4256901954,dlwodbs666,WECAB2B,캐츠랑 전연령 10kg (5kgX2개),1078,5398.0,102406,9499.6,3
4376350694,rejoice444,W8C426D,린넨식탁보 린넨테이블보 사각탁자보 대형,539,0.0,102248,18969.9,1
3692255817,rejoice567,W9E0AF8,촉촉하고 부드러운 남성 옴므 스킨로션 화장품세트,528,0.0,102238,19363.3,2
3695412370,rejoice678,W9E0AF8,촉촉하고 부드러운 남성 옴므 스킨로션 화장품세트,429,0.0,102238,23831.7,2
3745655985,dlwodbs666,W9E0AF8,촉촉하고 부드러운 남성 옴므 스킨로션 화장품세트,1507,7805.6,102238,6784.2,5
4369716773,rejoice999,WB75D9E,롤리팝 막대 사탕 (소40개) 화이트데이 캔디 선물,0,0,102236,0,0
4376363820,dlwodb888,WB75D9E,롤리팝 막대 사탕 (소40개) 화이트데이 캔디 선물,550,0.0,102236,18588.4,1
4445305201,dlrmsgh012,LCE_SX_L6845149,간이의자 접이식 발디딤대 보조의자 다용도 캠핑 낚시,869,3298.0,101962,11733.3,2
4059685426,rejoice444,WA567DA,지퍼락 냉장용 지퍼백 대형160매,0,0,101908,0,0
4376365292,rejoice444,W623013,미화합동찌개된장14kg,2838,0.0,101414,3573.4,9
4402808131,dlwodb111,W623013,미화합동찌개된장14kg,792,0.0,101414,12804.8,3
4626137171,rejoice222,W623013,미화합동찌개된장14kg 미화합동 찌개된장 된장 식재,649,0.0,101414,15626.2,3
4599814020,rejoice987,W6BCE46,30수 남여 영양사 의사 가운 화이트 유니폼 약국,847,0.0,101386,11970.0,2
4284411854,dlwodbs444,LCE_SX_L6947223_00,3M)포스트-잇 노트(654-5A 알뜰팩 76X76,0,0,101258,0,0
3512972353,rejoice678,W793DE7,각티슈 크리넥스 실크 소프트 천연 펄프 250매X3,495,21745.5,101150,20434.3,1
4059195662,rejoice999,W793DE7,크리넥스 실크 소프트 각티슈 천연 펄프 250매X3,1276,0.0,101150,7927.1,2
4060453230,dlwodbs222,W793DE7,크리넥스 실크 소프트 각티슈 천연 펄프 250매X3,0,0,101150,0,0
3149708275,rejoice222,W8DFF0E,HD 1080P USB 현미경 전자 디지털 1000,0,0,100769,0,0
4060381721,rejoice666,W8DFF0E,HD 1080P USB 현미경 전자 디지털 1000,0,0,100769,0,0
4060609575,rejoice678,W8DFF0E,HD 1080P USB 현미경 전자 디지털 1000,858,0.0,100769,11744.6,1
4165229852,rejoice999,W8DFF0E,HD 1080P USB 현미경 전자 디지털 1000,0,0,100769,0,0
4176004560,rejoice321,LCE_SX_L0298467_04,(블루 테이블 바이스(6인치)) 고강도 360도 탁,0,0,100666,0,0
3513619152,rejoice678,W435903,아폴로보온도시락쌍둥이APL1810_도시락 보온통,330,33827.3,100518,30460.0,1
4058955416,rejoice444,W92FCA1,WP 가지결속 닻밴드 고추 과수 사과 포도 원예용 ,1738,6421.2,100292,5770.5,4
4365558070,dlwodbs222,WB4C8A2,꽃을든남자 이모션 포맨 2종기획 로션 1개 스킨 2,0,0,100050,0,0
4122036020,dlwodbs222,W3B1935,18V 충전 무선 원형톱 전기톱 배터리+날풀셋 CS,495,0.0,100000,20202.0,1
4245236758,rejoice987,W3B1935,18V 충전 무선 원형톱 전기톱 배터리+날풀셋 CS,1815,0.0,100000,5509.6,3
4369092734,tmxkqlwus,W3B1935,18V 충전 무선 원형톱 전기톱 배터리+날풀셋 CS,968,0.0,100000,10330.6,2
4376374977,rejoice444,W3B1935,18V 충전 무선 원형톱 전기톱 배터리+날풀셋 CS,1122,0.0,100000,8912.7,3
